Entity,Code,Year,Average years of schooling,Total fertility rate
Afghanistan,AFG,1950,0.28,7.248
Afghanistan,AFG,1955,0.32,7.262
Afghanistan,AFG,1960,0.39,7.282
Afghanistan,AFG,1965,0.44,7.305
Afghanistan,AFG,1970,0.72,7.4
Afghanistan,AFG,1975,0.97,7.542
Afghanistan,AFG,1980,1.29,7.643
Afghanistan,AFG,1985,1.73,7.55
Afghanistan,AFG,1990,2.06,7.576
Afghanistan,AFG,1995,2.4,7.767
Afghanistan,AFG,2000,3.03,7.566
Afghanistan,AFG,2005,3.32,6.858
Afghanistan,AFG,2010,3.93,6.195
Afghanistan,AFG,2015,4.81,5.652
Afghanistan,AFG,2020,5.69,5.145
Albania,ALB,1950,2.75,6.169
Albania,ALB,1955,2.93,6.541
Albania,ALB,1960,3.23,6.383
Albania,ALB,1965,3.63,5.474
Albania,ALB,1970,4.63,5.158
Albania,ALB,1975,5.77,4.566
Albania,ALB,1980,6.95,3.59
Albania,ALB,1985,7.93,3.214
Albania,ALB,1990,8.61,3.014
Albania,ALB,1995,8.54,2.762
Albania,ALB,2000,9.93,2.217
Albania,ALB,2005,10.24,1.787
Albania,ALB,2010,10.44,1.653
Albania,ALB,2015,9.99,1.631
Albania,ALB,2020,10.32,1.371
Algeria,DZA,1950,0.83,7.324
Algeria,DZA,1955,0.82,7.336
Algeria,DZA,1960,0.9,7.503
Algeria,DZA,1965,1.15,7.711
Algeria,DZA,1970,1.69,7.704
Algeria,DZA,1975,2.26,7.485
Algeria,DZA,1980,3.0,6.994
Algeria,DZA,1985,4.28,6.035
Algeria,DZA,1990,5.05,4.509
Algeria,DZA,1995,5.76,3.487
Algeria,DZA,2000,6.06,2.59
Algeria,DZA,2005,6.43,2.562
Algeria,DZA,2010,7.0,2.875
Algeria,DZA,2015,7.55,3.091
Algeria,DZA,2020,8.18,2.94
Argentina,ARG,1950,4.91,3.164
Argentina,ARG,1955,5.24,3.139
Argentina,ARG,1960,5.69,3.136
Argentina,ARG,1965,6.03,3.005
Argentina,ARG,1970,6.48,3.085
Argentina,ARG,1975,7.03,3.271
Argentina,ARG,1980,7.51,3.301
Argentina,ARG,1985,8.09,3.066
Argentina,ARG,1990,8.67,3.034
Argentina,ARG,1995,8.91,2.864
Argentina,ARG,2000,9.08,2.591
Argentina,ARG,2005,9.57,2.426
Argentina,ARG,2010,9.71,2.411
Argentina,ARG,2015,9.59,2.35
Argentina,ARG,2020,9.86,1.601
Armenia,ARM,2015,10.45,1.621
Armenia,ARM,2020,10.54,1.619
Australia,AUS,1950,8.21,3.063
Australia,AUS,1955,8.49,3.273
Australia,AUS,1960,8.78,3.453
Australia,AUS,1965,9.19,2.979
Australia,AUS,1970,10.11,2.86
Australia,AUS,1975,10.8,2.207
Australia,AUS,1980,11.4,1.901
Australia,AUS,1985,11.43,1.899
Australia,AUS,1990,11.44,1.908
Australia,AUS,1995,11.51,1.825
Australia,AUS,2000,11.37,1.764
Australia,AUS,2005,11.71,1.849
Australia,AUS,2010,11.69,1.948
Australia,AUS,2015,12.92,1.803
Australia,AUS,2020,12.93,1.593
Austria,AUT,1950,5.89,2.089
Austria,AUT,1955,5.64,2.268
Austria,AUT,1960,5.67,2.689
Austria,AUT,1965,6.54,2.697
Austria,AUT,1970,7.26,2.294
Austria,AUT,1975,7.44,1.823
Austria,AUT,1980,7.6,1.651
Austria,AUT,1985,7.84,1.479
Austria,AUT,1990,8.26,1.467
Austria,AUT,1995,8.93,1.431
Austria,AUT,2000,9.43,1.364
Austria,AUT,2005,9.89,1.406
Austria,AUT,2010,10.13,1.44
Austria,AUT,2015,10.27,1.492
Austria,AUT,2020,10.39,1.439
Bahrain,BHR,2015,7.82,2.113
Bahrain,BHR,2020,8.21,1.86
Bangladesh,BGD,1950,0.93,6.374
Bangladesh,BGD,1955,0.95,6.505
Bangladesh,BGD,1960,1.03,6.742
Bangladesh,BGD,1965,1.27,6.771
Bangladesh,BGD,1970,1.41,6.839
Bangladesh,BGD,1975,1.63,6.728
Bangladesh,BGD,1980,2.31,6.326
Bangladesh,BGD,1985,2.87,5.539
Bangladesh,BGD,1990,3.15,4.506
Bangladesh,BGD,1995,3.72,3.588
Bangladesh,BGD,2000,4.77,3.279
Bangladesh,BGD,2005,5.51,2.846
Bangladesh,BGD,2010,6.22,2.38
Bangladesh,BGD,2015,6.76,2.227
Bangladesh,BGD,2020,7.23,2.175
Barbados,BRB,1950,4.68,4.473
Barbados,BRB,1955,4.85,4.44
Barbados,BRB,1960,5.08,4.706
Barbados,BRB,1965,6.79,4.176
Barbados,BRB,1970,8.59,3.079
Barbados,BRB,1975,7.95,2.447
Barbados,BRB,1980,7.72,1.777
Barbados,BRB,1985,8.42,1.769
Barbados,BRB,1990,8.79,1.842
Barbados,BRB,1995,9.07,1.704
Barbados,BRB,2000,9.23,1.933
Barbados,BRB,2005,9.41,1.738
Barbados,BRB,2010,9.57,1.785
Barbados,BRB,2015,9.46,1.726
Barbados,BRB,2020,9.67,1.708
Belgium,BEL,1950,6.85,2.346
Belgium,BEL,1955,7.17,2.382
Belgium,BEL,1960,7.4,2.533
Belgium,BEL,1965,7.56,2.612
Belgium,BEL,1970,7.98,2.254
Belgium,BEL,1975,8.39,1.749
Belgium,BEL,1980,8.93,1.693
Belgium,BEL,1985,9.41,1.504
Belgium,BEL,1990,10.0,1.625
Belgium,BEL,1995,10.64,1.564
Belgium,BEL,2000,10.95,1.663
Belgium,BEL,2005,11.11,1.754
Belgium,BEL,2010,11.29,1.849
Belgium,BEL,2015,11.36,1.69
Belgium,BEL,2020,11.57,1.575
Belize,BLZ,1950,7.28,6.69
Belize,BLZ,1955,7.46,6.6
Belize,BLZ,1960,7.8,6.5
Belize,BLZ,1965,7.91,6.4
Belize,BLZ,1970,7.86,6.299
Belize,BLZ,1975,8.11,6.278
Belize,BLZ,1980,7.88,5.849
Belize,BLZ,1985,8.1,4.997
Belize,BLZ,1990,8.97,4.802
Belize,BLZ,1995,9.62,3.876
Belize,BLZ,2000,10.19,3.633
Belize,BLZ,2005,10.77,3.173
Belize,BLZ,2010,11.28,2.552
Belize,BLZ,2015,10.56,2.433
Belize,BLZ,2020,10.71,2.04
Benin,BEN,1950,0.52,5.751
Benin,BEN,1955,0.61,5.993
Benin,BEN,1960,0.7,6.282
Benin,BEN,1965,0.79,6.605
Benin,BEN,1970,0.87,6.735
Benin,BEN,1975,0.96,6.83
Benin,BEN,1980,1.26,6.989
Benin,BEN,1985,1.77,7.003
Benin,BEN,1990,2.24,6.741
Benin,BEN,1995,2.73,6.33
Benin,BEN,2000,3.31,5.937
Benin,BEN,2005,3.85,5.692
Benin,BEN,2010,4.57,5.452
Benin,BEN,2015,5.42,5.32
Benin,BEN,2020,6.27,4.795
Bolivia,BOL,1950,2.44,6.191
Bolivia,BOL,1955,2.8,6.241
Bolivia,BOL,1960,3.15,6.273
Bolivia,BOL,1965,3.7,6.182
Bolivia,BOL,1970,4.14,6.004
Bolivia,BOL,1975,4.8,5.748
Bolivia,BOL,1980,5.76,5.474
Bolivia,BOL,1985,6.7,5.153
Bolivia,BOL,1990,7.63,4.9
Bolivia,BOL,1995,8.09,4.409
Bolivia,BOL,2000,8.73,3.991
Bolivia,BOL,2005,8.77,3.558
Bolivia,BOL,2010,8.57,3.213
Bolivia,BOL,2015,8.62,2.886
Bolivia,BOL,2020,9.06,2.651
Botswana,BWA,2015,10.27,3.008
Botswana,BWA,2020,10.58,2.861
Brazil,BRA,1950,2.11,6.122
Brazil,BRA,1955,2.3,6.084
Brazil,BRA,1960,2.53,6.051
Brazil,BRA,1965,2.82,5.677
Brazil,BRA,1970,3.28,4.934
Brazil,BRA,1975,2.87,4.415
Brazil,BRA,1980,3.05,4.037
Brazil,BRA,1985,4.12,3.48
Brazil,BRA,1990,4.94,2.896
Brazil,BRA,1995,5.79,2.567
Brazil,BRA,2000,6.76,2.247
Brazil,BRA,2005,7.67,1.942
Brazil,BRA,2010,8.17,1.786
Brazil,BRA,2015,7.66,1.777
Brazil,BRA,2020,8.0,1.653
Brunei,BRN,2015,9.08,1.947
Brunei,BRN,2020,9.28,1.796
Bulgaria,BGR,1950,3.97,2.482
Bulgaria,BGR,1955,4.82,2.37
Bulgaria,BGR,1960,5.24,2.309
Bulgaria,BGR,1965,4.71,2.085
Bulgaria,BGR,1970,6.54,2.179
Bulgaria,BGR,1975,7.41,2.235
Bulgaria,BGR,1980,8.15,2.056
Bulgaria,BGR,1985,8.76,1.967
Bulgaria,BGR,1990,8.68,1.795
Bulgaria,BGR,1995,9.31,1.247
Bulgaria,BGR,2000,9.65,1.29
Bulgaria,BGR,2005,10.61,1.358
Bulgaria,BGR,2010,11.07,1.567
Bulgaria,BGR,2015,10.71,1.528
Bulgaria,BGR,2020,10.75,1.557
Burundi,BDI,2015,4.3,5.695
Burundi,BDI,2020,5.05,5.177
Cambodia,KHM,1950,0.44,6.53
Cambodia,KHM,1955,0.67,6.526
Cambodia,KHM,1960,1.23,6.313
Cambodia,KHM,1965,1.53,6.267
Cambodia,KHM,1970,1.91,6.071
Cambodia,KHM,1975,2.31,4.103
Cambodia,KHM,1980,2.66,5.774
Cambodia,KHM,1985,2.89,6.313
Cambodia,KHM,1990,3.2,5.642
Cambodia,KHM,1995,3.41,5.076
Cambodia,KHM,2000,3.64,3.794
Cambodia,KHM,2005,4.26,3.238
Cambodia,KHM,2010,4.94,2.859
Cambodia,KHM,2015,5.32,2.729
Cambodia,KHM,2020,5.81,2.699
Cameroon,CMR,1950,0.72,5.731
Cameroon,CMR,1955,0.92,5.737
Cameroon,CMR,1960,1.12,5.725
Cameroon,CMR,1965,1.51,5.796
Cameroon,CMR,1970,1.92,6.197
Cameroon,CMR,1975,2.58,6.401
Cameroon,CMR,1980,3.25,6.613
Cameroon,CMR,1985,3.94,6.564
Cameroon,CMR,1990,4.65,6.362
Cameroon,CMR,1995,5.3,5.919
Cameroon,CMR,2000,5.76,5.514
Cameroon,CMR,2005,6.06,5.421
Cameroon,CMR,2010,6.41,5.154
Cameroon,CMR,2015,7.05,4.841
Cameroon,CMR,2020,7.37,4.557
Canada,CAN,1925,5.92,3.13
Canada,CAN,1930,6.35,3.281
Canada,CAN,1935,6.85,2.751
Canada,CAN,1940,7.14,2.758
Canada,CAN,1945,7.46,2.999
Canada,CAN,1950,7.76,3.374
Canada,CAN,1955,8.11,3.746
Canada,CAN,1960,8.55,3.82
Canada,CAN,1965,8.85,3.075
Canada,CAN,1970,9.47,2.267
Canada,CAN,1975,10.02,1.799
Canada,CAN,1980,10.49,1.658
Canada,CAN,1985,10.29,1.594
Canada,CAN,1990,10.71,1.696
Canada,CAN,1995,11.11,1.674
Canada,CAN,2000,11.39,1.51
Canada,CAN,2005,12.49,1.566
Canada,CAN,2010,12.74,1.642
Canada,CAN,2015,12.83,1.601
Canada,CAN,2020,12.93,1.413
Central African Republic,CAF,2015,4.21,6.126
Central African Republic,CAF,2020,4.64,6.059
Chile,CHL,1950,4.91,4.836
Chile,CHL,1955,5.04,4.777
Chile,CHL,1960,5.23,4.697
Chile,CHL,1965,5.71,4.364
Chile,CHL,1970,6.18,3.778
Chile,CHL,1975,6.7,3.182
Chile,CHL,1980,7.13,2.744
Chile,CHL,1985,7.85,2.592
Chile,CHL,1990,8.58,2.579
Chile,CHL,1995,8.92,2.353
Chile,CHL,2000,9.41,2.046
Chile,CHL,2005,9.96,1.825
Chile,CHL,2010,10.35,1.844
Chile,CHL,2015,10.49,1.737
Chile,CHL,2020,10.74,1.307
China,CHN,1950,1.79,5.813
China,CHN,1955,2.18,6.263
China,CHN,1960,2.8,4.451
China,CHN,1965,3.4,6.605
China,CHN,1970,4.16,6.085
China,CHN,1975,4.83,3.571
China,CHN,1980,5.74,2.739
China,CHN,1985,6.16,2.633
China,CHN,1990,6.45,2.514
China,CHN,1995,7.17,1.588
China,CHN,2000,7.79,1.628
China,CHN,2005,8.02,1.624
China,CHN,2010,8.25,1.687
China,CHN,2015,8.51,1.67
China,CHN,2020,8.99,1.236
Colombia,COL,1950,2.38,6.41
Colombia,COL,1955,2.73,6.625
Colombia,COL,1960,3.1,6.735
Colombia,COL,1965,3.47,6.333
Colombia,COL,1970,3.98,5.276
Colombia,COL,1975,4.43,4.398
Colombia,COL,1980,4.99,3.798
Colombia,COL,1985,5.63,3.225
Colombia,COL,1990,6.16,2.995
Colombia,COL,1995,6.68,2.85
Colombia,COL,2000,7.12,2.574
Colombia,COL,2005,7.56,2.309
Colombia,COL,2010,9.35,2.01
Colombia,COL,2015,9.78,1.771
Colombia,COL,2020,10.2,1.694
Congo,COG,2015,6.47,4.607
Congo,COG,2020,6.74,4.329
Costa Rica,CRI,1950,3.6,6.317
Costa Rica,CRI,1955,3.82,6.571
Costa Rica,CRI,1960,3.96,6.712
Costa Rica,CRI,1965,4.22,5.96
Costa Rica,CRI,1970,4.03,4.585
Costa Rica,CRI,1975,5.3,3.804
Costa Rica,CRI,1980,6.26,3.583
Costa Rica,CRI,1985,6.88,3.511
Costa Rica,CRI,1990,7.28,3.167
Costa Rica,CRI,1995,7.61,2.779
Costa Rica,CRI,2000,7.96,2.413
Costa Rica,CRI,2005,8.52,2.038
Costa Rica,CRI,2010,8.43,1.827
Costa Rica,CRI,2015,8.77,1.797
Costa Rica,CRI,2020,9.12,1.448
Cote d'Ivoire,CIV,1950,0.86,7.61
Cote d'Ivoire,CIV,1955,0.91,7.597
Cote d'Ivoire,CIV,1960,0.99,7.691
Cote d'Ivoire,CIV,1965,1.09,7.841
Cote d'Ivoire,CIV,1970,1.33,7.936
Cote d'Ivoire,CIV,1975,1.76,7.91
Cote d'Ivoire,CIV,1980,2.13,7.586
Cote d'Ivoire,CIV,1985,2.46,7.273
Cote d'Ivoire,CIV,1990,2.79,6.719
Cote d'Ivoire,CIV,1995,3.46,6.038
Cote d'Ivoire,CIV,2000,4.06,5.773
Cote d'Ivoire,CIV,2005,4.52,5.499
Cote d'Ivoire,CIV,2010,4.93,5.292
Cote d'Ivoire,CIV,2015,5.4,4.97
Cote d'Ivoire,CIV,2020,6.05,4.461
Croatia,HRV,2015,11.8,1.403
Croatia,HRV,2020,12.03,1.484
Cuba,CUB,1950,3.58,4.032
Cuba,CUB,1955,3.66,3.902
Cuba,CUB,1960,4.08,4.129
Cuba,CUB,1965,4.55,4.504
Cuba,CUB,1970,5.41,3.981
Cuba,CUB,1975,6.48,2.824
Cuba,CUB,1980,7.82,1.637
Cuba,CUB,1985,8.64,1.772
Cuba,CUB,1990,9.21,1.806
Cuba,CUB,1995,9.58,1.481
Cuba,CUB,2000,9.88,1.608
Cuba,CUB,2005,10.36,1.486
Cuba,CUB,2010,11.06,1.673
Cuba,CUB,2015,11.12,1.685
Cuba,CUB,2020,11.61,1.489
Cyprus,CYP,1950,3.8,3.871
Cyprus,CYP,1955,4.49,3.441
Cyprus,CYP,1960,5.38,3.393
Cyprus,CYP,1965,5.9,3.47
Cyprus,CYP,1970,6.36,3.065
Cyprus,CYP,1975,7.02,2.107
Cyprus,CYP,1980,7.89,2.298
Cyprus,CYP,1985,8.94,2.432
Cyprus,CYP,1990,9.85,2.402
Cyprus,CYP,1995,10.28,2.032
Cyprus,CYP,2000,10.82,1.638
Cyprus,CYP,2005,10.19,1.479
Cyprus,CYP,2010,11.76,1.434
Cyprus,CYP,2015,12.1,1.323
Cyprus,CYP,2020,12.42,1.361
Czechia,CZE,1950,8.22,2.818
Czechia,CZE,1955,8.37,2.583
Czechia,CZE,1960,8.49,2.088
Czechia,CZE,1965,9.16,2.187
Czechia,CZE,1970,9.88,1.92
Czechia,CZE,1975,10.34,2.43
Czechia,CZE,1980,10.69,2.076
Czechia,CZE,1985,10.91,1.949
Czechia,CZE,1990,11.35,1.885
Czechia,CZE,1995,12.3,1.275
Czechia,CZE,2000,12.78,1.146
Czechia,CZE,2005,12.81,1.281
Czechia,CZE,2010,12.8,1.509
Czechia,CZE,2015,12.93,1.589
Czechia,CZE,2020,12.93,1.763
Democratic Republic of Congo,COD,1950,0.62,5.966
Democratic Republic of Congo,COD,1955,0.72,5.982
Democratic Republic of Congo,COD,1960,0.88,6.105
Democratic Republic of Congo,COD,1965,1.06,6.21
Democratic Republic of Congo,COD,1970,1.3,6.329
Democratic Republic of Congo,COD,1975,1.63,6.419
Democratic Republic of Congo,COD,1980,2.15,6.495
Democratic Republic of Congo,COD,1985,2.86,6.612
Democratic Republic of Congo,COD,1990,3.31,6.649
Democratic Republic of Congo,COD,1995,3.52,6.676
Democratic Republic of Congo,COD,2000,3.51,6.702
Democratic Republic of Congo,COD,2005,3.63,6.526
Democratic Republic of Congo,COD,2010,3.79,6.587
Democratic Republic of Congo,COD,2015,4.3,6.437
Democratic Republic of Congo,COD,2020,4.85,6.206
Denmark,DNK,1920,3.64,3.264
Denmark,DNK,1925,3.93,2.639
Denmark,DNK,1930,4.26,2.286
Denmark,DNK,1935,4.59,2.113
Denmark,DNK,1940,4.89,2.21
Denmark,DNK,1945,5.34,2.967
Denmark,DNK,1950,5.63,2.572
Denmark,DNK,1955,4.78,2.589
Denmark,DNK,1960,5.3,2.561
Denmark,DNK,1965,6.06,2.608
Denmark,DNK,1970,7.19,1.956
Denmark,DNK,1975,8.01,1.908
Denmark,DNK,1980,8.85,1.54
Denmark,DNK,1985,9.59,1.443
Denmark,DNK,1990,10.48,1.664
Denmark,DNK,1995,11.04,1.801
Denmark,DNK,2000,11.5,1.765
Denmark,DNK,2005,11.81,1.798
Denmark,DNK,2010,11.97,1.858
Denmark,DNK,2015,11.67,1.712
Denmark,DNK,2020,11.69,1.678
Dominican Republic,DOM,1950,2.53,7.507
Dominican Republic,DOM,1955,2.58,7.672
Dominican Republic,DOM,1960,2.78,7.555
Dominican Republic,DOM,1965,3.15,7.053
Dominican Republic,DOM,1970,3.74,6.184
Dominican Republic,DOM,1975,4.3,5.235
Dominican Republic,DOM,1980,4.98,4.302
Dominican Republic,DOM,1985,5.58,3.686
Dominican Republic,DOM,1990,6.13,3.411
Dominican Republic,DOM,1995,6.58,3.101
Dominican Republic,DOM,2000,7.03,2.869
Dominican Republic,DOM,2005,7.54,2.574
Dominican Republic,DOM,2010,8.12,2.556
Dominican Republic,DOM,2015,8.48,2.43
Dominican Republic,DOM,2020,9.04,2.329
Ecuador,ECU,1950,2.62,6.725
Ecuador,ECU,1955,2.93,6.767
Ecuador,ECU,1960,3.29,6.721
Ecuador,ECU,1965,4.0,6.564
Ecuador,ECU,1970,4.55,6.138
Ecuador,ECU,1975,5.07,5.426
Ecuador,ECU,1980,6.35,4.73
Ecuador,ECU,1985,6.76,4.145
Ecuador,ECU,1990,7.23,3.68
Ecuador,ECU,1995,7.32,3.381
Ecuador,ECU,2000,7.41,3.102
Ecuador,ECU,2005,7.7,2.8
Ecuador,ECU,2010,8.02,2.615
Ecuador,ECU,2015,8.54,2.209
Ecuador,ECU,2020,9.07,1.967
Egypt,EGY,1950,0.54,7.058
Egypt,EGY,1955,0.7,7.015
Egypt,EGY,1960,0.85,6.793
Egypt,EGY,1965,1.11,6.387
Egypt,EGY,1970,1.41,6.059
Egypt,EGY,1975,1.82,5.749
Egypt,EGY,1980,2.8,5.494
Egypt,EGY,1985,3.92,5.116
Egypt,EGY,1990,4.6,4.512
Egypt,EGY,1995,5.36,3.764
Egypt,EGY,2000,6.3,3.505
Egypt,EGY,2005,6.93,3.254
Egypt,EGY,2010,7.44,3.296
Egypt,EGY,2015,7.53,3.5
Egypt,EGY,2020,8.01,2.85
El Salvador,SLV,1950,1.55,6.296
El Salvador,SLV,1955,1.7,6.475
El Salvador,SLV,1960,1.98,6.618
El Salvador,SLV,1965,2.41,6.636
El Salvador,SLV,1970,2.9,6.178
El Salvador,SLV,1975,3.37,5.705
El Salvador,SLV,1980,3.74,5.107
El Salvador,SLV,1985,4.57,4.316
El Salvador,SLV,1990,5.08,3.964
El Salvador,SLV,1995,5.8,3.568
El Salvador,SLV,2000,7.04,3.076
El Salvador,SLV,2005,8.08,2.44
El Salvador,SLV,2010,8.06,2.239
El Salvador,SLV,2015,7.67,2.067
El Salvador,SLV,2020,8.1,1.819
Estonia,EST,2015,12.33,1.58
Estonia,EST,2020,12.29,1.588
Eswatini,SWZ,1950,1.27,6.732
Eswatini,SWZ,1955,1.55,6.682
Eswatini,SWZ,1960,1.81,6.752
Eswatini,SWZ,1965,2.16,6.794
Eswatini,SWZ,1970,3.0,6.749
Eswatini,SWZ,1975,3.96,6.707
Eswatini,SWZ,1980,4.6,6.574
Eswatini,SWZ,1985,5.26,6.282
Eswatini,SWZ,1990,5.28,5.295
Eswatini,SWZ,1995,5.2,4.523
Eswatini,SWZ,2000,4.62,4.03
Eswatini,SWZ,2005,4.64,3.704
Eswatini,SWZ,2010,5.33,3.375
Eswatini,SWZ,2015,5.77,3.122
Eswatini,SWZ,2020,6.46,2.888
Fiji,FJI,1950,3.77,6.518
Fiji,FJI,1955,4.24,6.568
Fiji,FJI,1960,4.57,6.364
Fiji,FJI,1965,5.24,5.763
Fiji,FJI,1970,5.67,4.708
Fiji,FJI,1975,6.4,4.104
Fiji,FJI,1980,7.16,4.038
Fiji,FJI,1985,7.85,3.663
Fiji,FJI,1990,9.24,3.386
Fiji,FJI,1995,10.28,3.251
Fiji,FJI,2000,9.97,2.992
Fiji,FJI,2005,9.76,2.917
Fiji,FJI,2010,10.35,2.696
Fiji,FJI,2015,11.09,2.567
Fiji,FJI,2020,11.52,2.357
Finland,FIN,1940,3.52,2.147
Finland,FIN,1945,3.68,3.08
Finland,FIN,1950,3.91,3.153
Finland,FIN,1955,4.06,2.93
Finland,FIN,1960,4.25,2.719
Finland,FIN,1965,4.97,2.475
Finland,FIN,1970,5.99,1.822
Finland,FIN,1975,7.11,1.678
Finland,FIN,1980,8.04,1.63
Finland,FIN,1985,8.01,1.64
Finland,FIN,1990,8.56,1.776
Finland,FIN,1995,9.31,1.805
Finland,FIN,2000,9.9,1.726
Finland,FIN,2005,10.42,1.801
Finland,FIN,2010,10.71,1.863
Finland,FIN,2015,10.94,1.645
Finland,FIN,2020,11.05,1.374
France,FRA,1950,4.42,2.965
France,FRA,1955,4.56,2.699
France,FRA,1960,4.32,2.735
France,FRA,1965,4.78,2.826
France,FRA,1970,5.46,2.481
France,FRA,1975,6.05,1.935
France,FRA,1980,6.37,1.951
France,FRA,1985,7.37,1.816
France,FRA,1990,8.32,1.782
France,FRA,1995,9.36,1.718
France,FRA,2000,10.22,1.876
France,FRA,2005,10.86,1.916
France,FRA,2010,11.34,2.017
France,FRA,2015,11.6,1.927
France,FRA,2020,11.89,1.785
Gabon,GAB,2015,9.53,3.921
Gabon,GAB,2020,10.18,3.831
Gambia,GMB,1950,0.41,6.353
Gambia,GMB,1955,0.44,6.334
Gambia,GMB,1960,0.48,6.246
Gambia,GMB,1965,0.54,6.192
Gambia,GMB,1970,0.58,6.257
Gambia,GMB,1975,0.75,6.428
Gambia,GMB,1980,1.0,6.414
Gambia,GMB,1985,1.32,6.357
Gambia,GMB,1990,1.85,6.246
Gambia,GMB,1995,2.33,5.994
Gambia,GMB,2000,2.77,5.716
Gambia,GMB,2005,3.39,5.708
Gambia,GMB,2010,3.92,5.558
Gambia,GMB,2015,4.42,5.003
Gambia,GMB,2020,4.92,4.248
Germany,DEU,1950,7.21,2.194
Germany,DEU,1955,7.47,2.158
Germany,DEU,1960,7.54,2.381
Germany,DEU,1965,7.5,2.487
Germany,DEU,1970,7.1,2.024
Germany,DEU,1975,7.17,1.477
Germany,DEU,1980,7.36,1.556
Germany,DEU,1985,7.73,1.378
Germany,DEU,1990,8.96,1.46
Germany,DEU,1995,9.93,1.262
Germany,DEU,2000,10.59,1.386
Germany,DEU,2005,11.98,1.344
Germany,DEU,2010,12.58,1.4
Germany,DEU,2015,12.86,1.501
Germany,DEU,2020,13.1,1.531
Ghana,GHA,1950,0.7,6.7
Ghana,GHA,1955,0.83,6.818
Ghana,GHA,1960,1.1,6.89
Ghana,GHA,1965,2.03,6.88
Ghana,GHA,1970,3.35,6.952
Ghana,GHA,1975,4.23,6.762
Ghana,GHA,1980,4.93,6.474
Ghana,GHA,1985,5.63,6.119
Ghana,GHA,1990,6.05,5.737
Ghana,GHA,1995,6.27,5.106
Ghana,GHA,2000,6.67,4.827
Ghana,GHA,2005,7.28,4.496
Ghana,GHA,2010,7.66,4.181
Ghana,GHA,2015,7.72,3.982
Ghana,GHA,2020,8.39,3.541
Greece,GRC,1950,4.39,2.574
Greece,GRC,1955,5.79,2.42
Greece,GRC,1960,7.78,2.294
Greece,GRC,1965,6.68,2.334
Greece,GRC,1970,6.84,2.435
Greece,GRC,1975,7.15,2.419
Greece,GRC,1980,7.58,2.297
Greece,GRC,1985,8.37,1.744
Greece,GRC,1990,9.34,1.466
Greece,GRC,1995,9.54,1.385
Greece,GRC,2000,9.9,1.331
Greece,GRC,2005,10.95,1.358
Greece,GRC,2010,11.36,1.485
Greece,GRC,2015,11.6,1.328
Greece,GRC,2020,11.86,1.386
Guatemala,GTM,1950,1.32,6.804
Guatemala,GTM,1955,1.35,6.95
Guatemala,GTM,1960,1.41,6.999
Guatemala,GTM,1965,1.51,6.839
Guatemala,GTM,1970,1.78,6.6
Guatemala,GTM,1975,2.11,6.41
Guatemala,GTM,1980,2.94,6.171
Guatemala,GTM,1985,3.27,5.729
Guatemala,GTM,1990,3.66,5.48
Guatemala,GTM,1995,3.96,5.105
Guatemala,GTM,2000,4.35,4.583
Guatemala,GTM,2005,4.33,3.974
Guatemala,GTM,2010,5.21,3.375
Guatemala,GTM,2015,5.72,3.029
Guatemala,GTM,2020,6.26,2.47
Guyana,GUY,1950,4.36,5.834
Guyana,GUY,1955,4.6,6.218
Guyana,GUY,1960,4.91,6.331
Guyana,GUY,1965,5.35,6.135
Guyana,GUY,1970,5.76,5.411
Guyana,GUY,1975,6.16,4.45
Guyana,GUY,1980,6.65,3.77
Guyana,GUY,1985,7.04,3.47
Guyana,GUY,1990,7.27,3.181
Guyana,GUY,1995,7.92,3.238
Guyana,GUY,2000,8.43,3.057
Guyana,GUY,2005,8.79,2.648
Guyana,GUY,2010,9.0,2.684
Guyana,GUY,2015,8.32,2.667
Guyana,GUY,2020,8.52,2.491
Haiti,HTI,1950,0.6,6.251
Haiti,HTI,1955,0.68,6.23
Haiti,HTI,1960,0.83,6.178
Haiti,HTI,1965,0.99,6.129
Haiti,HTI,1970,1.22,5.911
Haiti,HTI,1975,1.56,5.748
Haiti,HTI,1980,2.07,5.557
Haiti,HTI,1985,3.05,5.495
Haiti,HTI,1990,3.56,5.414
Haiti,HTI,1995,4.06,4.884
Haiti,HTI,2000,4.44,4.39
Haiti,HTI,2005,4.9,3.835
Haiti,HTI,2010,5.17,3.497
Haiti,HTI,2015,5.5,3.11
Haiti,HTI,2020,5.95,2.804
Honduras,HND,1950,1.65,7.469
Honduras,HND,1955,1.75,7.513
Honduras,HND,1960,1.93,7.458
Honduras,HND,1965,2.13,7.442
Honduras,HND,1970,2.38,7.172
Honduras,HND,1975,2.73,6.866
Honduras,HND,1980,3.74,6.418
Honduras,HND,1985,4.65,5.816
Honduras,HND,1990,5.07,5.271
Honduras,HND,1995,5.47,4.835
Honduras,HND,2000,5.87,4.289
Honduras,HND,2005,6.24,3.577
Honduras,HND,2010,6.6,3.078
Honduras,HND,2015,7.04,2.746
Honduras,HND,2020,7.51,2.577
Hong Kong,HKG,1950,4.46,4.255
Hong Kong,HKG,1955,4.76,4.55
Hong Kong,HKG,1960,5.05,5.085
Hong Kong,HKG,1965,5.93,4.923
Hong Kong,HKG,1970,6.58,3.386
Hong Kong,HKG,1975,7.26,2.627
Hong Kong,HKG,1980,8.42,2.061
Hong Kong,HKG,1985,9.24,1.504
Hong Kong,HKG,1990,10.08,1.283
Hong Kong,HKG,1995,10.21,1.304
Hong Kong,HKG,2000,10.37,1.027
Hong Kong,HKG,2005,12.17,0.957
Hong Kong,HKG,2010,12.2,1.12
Hong Kong,HKG,2015,12.32,1.227
Hong Kong,HKG,2020,12.83,0.892
Hungary,HUN,1950,7.2,2.615
Hungary,HUN,1955,7.36,2.817
Hungary,HUN,1960,7.53,2.021
Hungary,HUN,1965,7.75,1.82
Hungary,HUN,1970,8.27,1.98
Hungary,HUN,1975,8.85,2.363
Hungary,HUN,1980,9.39,1.92
Hungary,HUN,1985,9.31,1.847
Hungary,HUN,1990,9.48,1.857
Hungary,HUN,1995,10.75,1.568
Hungary,HUN,2000,11.57,1.32
Hungary,HUN,2005,11.89,1.312
Hungary,HUN,2010,11.98,1.257
Hungary,HUN,2015,11.83,1.446
Hungary,HUN,2020,11.96,1.576
Iceland,ISL,1950,5.8,3.854
Iceland,ISL,1955,5.99,4.036
Iceland,ISL,1960,6.29,4.259
Iceland,ISL,1965,6.73,3.72
Iceland,ISL,1970,7.24,2.815
Iceland,ISL,1975,7.71,2.64
Iceland,ISL,1980,8.2,2.478
Iceland,ISL,1985,8.71,1.942
Iceland,ISL,1990,9.23,2.302
Iceland,ISL,1995,9.7,2.083
Iceland,ISL,2000,10.17,2.071
Iceland,ISL,2005,10.83,2.046
Iceland,ISL,2010,11.52,2.192
Iceland,ISL,2015,12.95,1.809
Iceland,ISL,2020,13.53,1.718
India,IND,1950,1.02,5.732
India,IND,1955,1.08,5.911
India,IND,1960,1.16,5.921
India,IND,1965,1.33,5.941
India,IND,1970,1.65,5.624
India,IND,1975,2.09,5.195
India,IND,1980,2.46,4.775
India,IND,1985,3.03,4.432
India,IND,1990,3.56,4.045
India,IND,1995,4.3,3.651
India,IND,2000,5.3,3.35
India,IND,2005,5.94,2.958
India,IND,2010,6.59,2.598
India,IND,2015,7.31,2.289
India,IND,2020,7.8,2.047
Indonesia,IDN,1950,1.14,5.109
Indonesia,IDN,1955,1.31,5.362
Indonesia,IDN,1960,1.67,5.505
Indonesia,IDN,1965,2.28,5.593
Indonesia,IDN,1970,2.98,5.488
Indonesia,IDN,1975,3.37,5.032
Indonesia,IDN,1980,3.85,4.495
Indonesia,IDN,1985,4.05,3.725
Indonesia,IDN,1990,4.44,3.114
Indonesia,IDN,1995,4.89,2.809
Indonesia,IDN,2000,5.41,2.503
Indonesia,IDN,2005,6.68,2.452
Indonesia,IDN,2010,8.02,2.462
Indonesia,IDN,2015,8.5,2.346
Indonesia,IDN,2020,9.06,2.189
Iran,IRN,1950,0.6,6.97
Iran,IRN,1955,0.72,7.151
Iran,IRN,1960,0.99,7.519
Iran,IRN,1965,1.5,7.222
Iran,IRN,1970,2.17,6.798
Iran,IRN,1975,2.87,5.947
Iran,IRN,1980,3.84,6.63
Iran,IRN,1985,4.66,6.242
Iran,IRN,1990,5.49,4.934
Iran,IRN,1995,6.69,2.852
Iran,IRN,2000,7.66,1.999
Iran,IRN,2005,8.49,1.756
Iran,IRN,2010,9.15,1.749
Iran,IRN,2015,9.37,2.017
Iran,IRN,2020,9.8,1.7
Iraq,IRQ,1950,0.25,6.2
Iraq,IRQ,1955,0.35,6.0
Iraq,IRQ,1960,0.53,5.3
Iraq,IRQ,1965,0.9,7.02
Iraq,IRQ,1970,1.53,7.071
Iraq,IRQ,1975,2.11,6.913
Iraq,IRQ,1980,2.92,6.593
Iraq,IRQ,1985,3.98,6.246
Iraq,IRQ,1990,4.9,5.929
Iraq,IRQ,1995,5.44,5.36
Iraq,IRQ,2000,6.23,4.92
Iraq,IRQ,2005,6.6,4.446
Iraq,IRQ,2010,7.43,4.457
Iraq,IRQ,2015,7.76,4.08
Iraq,IRQ,2020,8.27,3.419
Ireland,IRL,1950,6.42,3.497
Ireland,IRL,1955,6.72,3.366
Ireland,IRL,1960,6.98,3.755
Ireland,IRL,1965,7.4,4.04
Ireland,IRL,1970,8.05,3.85
Ireland,IRL,1975,8.79,3.372
Ireland,IRL,1980,9.69,3.205
Ireland,IRL,1985,10.37,2.492
Ireland,IRL,1990,10.64,2.11
Ireland,IRL,1995,10.8,1.843
Ireland,IRL,2000,11.03,1.893
Ireland,IRL,2005,11.8,1.865
Ireland,IRL,2010,12.45,2.056
Ireland,IRL,2015,13.57,1.861
Ireland,IRL,2020,13.74,1.653
Israel,ISR,2015,12.04,3.093
Israel,ISR,2020,12.04,2.937
Italy,ITA,1950,4.4,2.523
Italy,ITA,1955,4.71,2.343
Italy,ITA,1960,5.07,2.384
Italy,ITA,1965,5.43,2.617
Italy,ITA,1970,5.87,2.396
Italy,ITA,1975,6.45,2.177
Italy,ITA,1980,7.09,1.647
Italy,ITA,1985,7.63,1.416
Italy,ITA,1990,8.32,1.331
Italy,ITA,1995,9.04,1.188
Italy,ITA,2000,9.73,1.249
Italy,ITA,2005,10.2,1.332
Italy,ITA,2010,10.71,1.443
Italy,ITA,2015,11.11,1.344
Italy,ITA,2020,11.51,1.242
Jamaica,JAM,1950,3.64,3.923
Jamaica,JAM,1955,3.74,4.524
Jamaica,JAM,1960,3.93,5.538
Jamaica,JAM,1965,4.48,5.719
Jamaica,JAM,1970,4.96,5.349
Jamaica,JAM,1975,5.54,4.436
Jamaica,JAM,1980,6.27,3.588
Jamaica,JAM,1985,6.86,3.212
Jamaica,JAM,1990,7.48,2.955
Jamaica,JAM,1995,8.55,2.851
Jamaica,JAM,2000,9.59,2.345
Jamaica,JAM,2005,10.09,2.148
Jamaica,JAM,2010,10.33,1.799
Jamaica,JAM,2015,9.81,1.508
Jamaica,JAM,2020,10.1,1.383
Japan,JPN,1950,6.86,3.615
Japan,JPN,1955,7.4,2.349
Japan,JPN,1960,7.77,1.981
Japan,JPN,1965,7.8,2.089
Japan,JPN,1970,8.25,2.035
Japan,JPN,1975,8.85,1.921
Japan,JPN,1980,9.6,1.739
Japan,JPN,1985,10.12,1.736
Japan,JPN,1990,10.71,1.509
Japan,JPN,1995,11.26,1.407
Japan,JPN,2000,11.77,1.346
Japan,JPN,2005,12.12,1.245
Japan,JPN,2010,12.44,1.357
Japan,JPN,2015,12.6,1.415
Japan,JPN,2020,12.83,1.304
Jordan,JOR,1950,1.41,7.444
Jordan,JOR,1955,1.84,7.42
Jordan,JOR,1960,2.54,7.599
Jordan,JOR,1965,3.15,7.932
Jordan,JOR,1970,3.64,8.181
Jordan,JOR,1975,4.2,7.925
Jordan,JOR,1980,4.87,7.287
Jordan,JOR,1985,6.04,6.534
Jordan,JOR,1990,7.02,5.544
Jordan,JOR,1995,7.89,4.676
Jordan,JOR,2000,8.72,3.864
Jordan,JOR,2005,9.42,3.653
Jordan,JOR,2010,9.92,3.78
Jordan,JOR,2015,10.5,3.141
Jordan,JOR,2020,10.81,2.791
Kazakhstan,KAZ,2015,11.69,2.755
Kazakhstan,KAZ,2020,11.79,3.13
Kenya,KEN,1950,1.2,7.389
Kenya,KEN,1955,1.35,7.46
Kenya,KEN,1960,1.56,7.651
Kenya,KEN,1965,1.77,7.923
Kenya,KEN,1970,2.28,7.943
Kenya,KEN,1975,2.82,7.795
Kenya,KEN,1980,3.61,7.531
Kenya,KEN,1985,4.33,6.96
Kenya,KEN,1990,5.05,6.135
Kenya,KEN,1995,5.5,5.372
Kenya,KEN,2000,5.91,5.136
Kenya,KEN,2005,6.48,4.801
Kenya,KEN,2010,6.47,4.446
Kenya,KEN,2015,6.28,3.766
Kenya,KEN,2020,6.73,3.364
Kuwait,KWT,1950,1.6,7.115
Kuwait,KWT,1955,1.96,7.14
Kuwait,KWT,1960,2.51,7.223
Kuwait,KWT,1965,2.96,7.314
Kuwait,KWT,1970,3.35,7.025
Kuwait,KWT,1975,3.58,6.059
Kuwait,KWT,1980,4.67,5.184
Kuwait,KWT,1985,5.55,4.218
Kuwait,KWT,1990,5.92,3.487
Kuwait,KWT,1995,6.15,3.248
Kuwait,KWT,2000,6.12,2.887
Kuwait,KWT,2005,6.14,2.731
Kuwait,KWT,2010,6.39,2.044
Kuwait,KWT,2015,6.49,2.03
Kuwait,KWT,2020,6.62,2.099
Kyrgyzstan,KGZ,2015,11.05,3.208
Kyrgyzstan,KGZ,2020,11.18,3.05
Laos,LAO,2015,5.47,2.796
Laos,LAO,2020,6.05,2.535
Latvia,LVA,2015,11.79,1.706
Latvia,LVA,2020,11.96,1.546
Lesotho,LSO,1950,2.6,5.701
Lesotho,LSO,1955,2.87,5.786
Lesotho,LSO,1960,3.12,5.784
Lesotho,LSO,1965,3.44,5.772
Lesotho,LSO,1970,3.72,5.698
Lesotho,LSO,1975,4.11,5.825
Lesotho,LSO,1980,4.49,5.746
Lesotho,LSO,1985,4.81,5.401
Lesotho,LSO,1990,5.25,4.813
Lesotho,LSO,1995,5.8,4.125
Lesotho,LSO,2000,6.37,3.605
Lesotho,LSO,2005,7.21,3.428
Lesotho,LSO,2010,6.08,3.25
Lesotho,LSO,2015,6.44,3.217
Lesotho,LSO,2020,6.88,2.846
Liberia,LBR,1950,0.58,6.001
Liberia,LBR,1955,0.62,6.191
Liberia,LBR,1960,0.72,6.391
Liberia,LBR,1965,0.94,6.617
Liberia,LBR,1970,1.16,6.578
Liberia,LBR,1975,1.67,6.744
Liberia,LBR,1980,2.23,6.872
Liberia,LBR,1985,2.73,6.693
Liberia,LBR,1990,3.08,6.37
Liberia,LBR,1995,3.17,6.173
Liberia,LBR,2000,3.6,5.875
Liberia,LBR,2005,3.96,5.519
Liberia,LBR,2010,4.35,5.058
Liberia,LBR,2015,5.06,4.523
Liberia,LBR,2020,5.8,4.174
Libya,LBY,1950,0.47,7.009
Libya,LBY,1955,0.59,7.241
Libya,LBY,1960,0.72,7.509
Libya,LBY,1965,1.09,7.823
Libya,LBY,1970,1.66,8.048
Libya,LBY,1975,2.35,7.977
Libya,LBY,1980,3.45,7.543
Libya,LBY,1985,4.55,6.328
Libya,LBY,1990,5.42,4.776
Libya,LBY,1995,6.13,3.442
Libya,LBY,2000,7.04,2.906
Libya,LBY,2005,7.79,2.765
Libya,LBY,2010,8.43,2.603
Libya,LBY,2015,9.05,2.711
Libya,LBY,2020,9.57,2.507
Lithuania,LTU,2015,12.44,1.705
Lithuania,LTU,2020,12.5,1.487
Luxembourg,LUX,1950,3.85,1.96
Luxembourg,LUX,1955,4.65,2.165
Luxembourg,LUX,1960,5.22,2.28
Luxembourg,LUX,1965,6.19,2.397
Luxembourg,LUX,1970,7.27,1.973
Luxembourg,LUX,1975,8.21,1.561
Luxembourg,LUX,1980,8.55,1.496
Luxembourg,LUX,1985,8.83,1.386
Luxembourg,LUX,1990,9.24,1.602
Luxembourg,LUX,1995,9.57,1.705
Luxembourg,LUX,2000,9.92,1.761
Luxembourg,LUX,2005,10.59,1.631
Luxembourg,LUX,2010,11.33,1.622
Luxembourg,LUX,2015,11.41,1.464
Luxembourg,LUX,2020,11.53,1.361
Macao,MAC,2015,10.56,1.142
Macao,MAC,2020,10.97,0.857
Malawi,MWI,1950,0.98,6.824
Malawi,MWI,1955,1.06,6.843
Malawi,MWI,1960,1.12,7.042
Malawi,MWI,1965,1.3,7.126
Malawi,MWI,1970,1.63,7.295
Malawi,MWI,1975,1.96,7.359
Malawi,MWI,1980,2.5,7.518
Malawi,MWI,1985,2.96,7.17
Malawi,MWI,1990,3.14,6.74
Malawi,MWI,1995,3.3,6.392
Malawi,MWI,2000,3.73,6.002
Malawi,MWI,2005,4.67,5.848
Malawi,MWI,2010,5.01,5.263
Malawi,MWI,2015,4.86,4.384
Malawi,MWI,2020,5.41,3.877
Malaysia,MYS,1950,2.21,6.429
Malaysia,MYS,1955,2.5,6.452
Malaysia,MYS,1960,2.99,6.412
Malaysia,MYS,1965,3.54,5.836
Malaysia,MYS,1970,4.41,5.035
Malaysia,MYS,1975,5.06,4.501
Malaysia,MYS,1980,6.06,4.035
Malaysia,MYS,1985,7.03,3.804
Malaysia,MYS,1990,8.01,3.304
Malaysia,MYS,1995,8.66,3.317
Malaysia,MYS,2000,9.49,2.942
Malaysia,MYS,2005,10.16,2.391
Malaysia,MYS,2010,10.89,2.144
Malaysia,MYS,2015,11.49,2.008
Malaysia,MYS,2020,11.96,1.68
Maldives,MDV,2015,7.57,2.004
Maldives,MDV,2020,8.06,1.613
Mali,MLI,1950,0.16,6.873
Mali,MLI,1955,0.18,6.95
Mali,MLI,1960,0.2,7.019
Mali,MLI,1965,0.26,7.081
Mali,MLI,1970,0.31,7.181
Mali,MLI,1975,0.46,7.253
Mali,MLI,1980,0.65,7.365
Mali,MLI,1985,0.83,7.261
Mali,MLI,1990,0.95,7.311
Mali,MLI,1995,1.07,7.052
Mali,MLI,2000,1.3,6.886
Mali,MLI,2005,1.81,6.708
Mali,MLI,2010,2.14,6.579
Mali,MLI,2015,2.78,6.385
Mali,MLI,2020,3.55,5.85
Malta,MLT,1950,3.32,4.226
Malta,MLT,1955,3.89,4.014
Malta,MLT,1960,4.49,3.626
Malta,MLT,1965,5.1,2.437
Malta,MLT,1970,6.06,2.072
Malta,MLT,1975,6.84,2.152
Malta,MLT,1980,7.51,1.993
Malta,MLT,1985,8.38,1.948
Malta,MLT,1990,9.19,2.041
Malta,MLT,1995,10.06,1.791
Malta,MLT,2000,10.43,1.672
Malta,MLT,2005,10.6,1.377
Malta,MLT,2010,11.06,1.375
Malta,MLT,2015,11.53,1.376
Malta,MLT,2020,12.09,1.132
Mauritania,MRT,2015,5.1,5.211
Mauritania,MRT,2020,5.55,4.912
Mauritius,MUS,1950,2.51,6.027
Mauritius,MUS,1955,2.93,5.832
Mauritius,MUS,1960,3.6,5.897
Mauritius,MUS,1965,4.3,5.508
Mauritius,MUS,1970,4.98,3.82
Mauritius,MUS,1975,5.18,3.197
Mauritius,MUS,1980,5.52,2.803
Mauritius,MUS,1985,6.09,2.054
Mauritius,MUS,1990,6.85,2.296
Mauritius,MUS,1995,7.07,2.138
Mauritius,MUS,2000,7.07,1.976
Mauritius,MUS,2005,8.16,1.824
Mauritius,MUS,2010,9.44,1.495
Mauritius,MUS,2015,9.9,1.319
Mauritius,MUS,2020,10.4,1.387
Mexico,MEX,1950,2.2,6.709
Mexico,MEX,1955,2.36,6.73
Mexico,MEX,1960,2.55,6.763
Mexico,MEX,1965,3.02,6.819
Mexico,MEX,1970,3.48,6.529
Mexico,MEX,1975,4.19,5.739
Mexico,MEX,1980,5.01,4.739
Mexico,MEX,1985,5.9,4.087
Mexico,MEX,1990,6.68,3.444
Mexico,MEX,1995,7.37,3.044
Mexico,MEX,2000,7.96,2.714
Mexico,MEX,2005,8.9,2.495
Mexico,MEX,2010,9.18,2.34
Mexico,MEX,2015,9.65,2.137
Mexico,MEX,2020,10.18,1.99
Moldova,MDA,2015,10.8,1.87
Moldova,MDA,2020,10.84,1.77
Mongolia,MNG,2015,9.77,3.01
Mongolia,MNG,2020,10.0,2.949
Morocco,MAR,1950,0.3,6.14
Morocco,MAR,1955,0.39,6.501
Morocco,MAR,1960,0.51,6.887
Morocco,MAR,1965,0.75,6.932
Morocco,MAR,1970,1.05,6.682
Morocco,MAR,1975,1.43,6.299
Morocco,MAR,1980,1.88,5.784
Morocco,MAR,1985,2.45,4.988
Morocco,MAR,1990,3.05,4.06
Morocco,MAR,1995,3.64,3.295
Morocco,MAR,2000,4.09,2.774
Morocco,MAR,2005,4.63,2.613
Morocco,MAR,2010,5.27,2.629
Morocco,MAR,2015,6.15,2.406
Morocco,MAR,2020,6.83,2.32
Mozambique,MOZ,1950,0.52,5.997
Mozambique,MOZ,1955,0.7,6.141
Mozambique,MOZ,1960,0.88,6.312
Mozambique,MOZ,1965,1.06,6.544
Mozambique,MOZ,1970,1.06,6.699
Mozambique,MOZ,1975,1.0,6.659
Mozambique,MOZ,1980,1.19,6.53
Mozambique,MOZ,1985,1.25,6.43
Mozambique,MOZ,1990,1.06,6.319
Mozambique,MOZ,1995,0.98,6.019
Mozambique,MOZ,2000,1.13,5.83
Mozambique,MOZ,2005,1.34,5.5
Mozambique,MOZ,2010,2.03,5.66
Mozambique,MOZ,2015,3.31,5.245
Mozambique,MOZ,2020,4.22,4.959
Myanmar,MMR,1950,1.17,5.943
Myanmar,MMR,1955,1.25,5.914
Myanmar,MMR,1960,1.27,5.901
Myanmar,MMR,1965,1.44,5.912
Myanmar,MMR,1970,1.52,5.682
Myanmar,MMR,1975,1.69,5.249
Myanmar,MMR,1980,2.34,4.789
Myanmar,MMR,1985,2.87,4.316
Myanmar,MMR,1990,2.99,3.504
Myanmar,MMR,1995,3.4,3.127
Myanmar,MMR,2000,3.89,2.813
Myanmar,MMR,2005,4.45,2.515
Myanmar,MMR,2010,5.11,2.335
Myanmar,MMR,2015,5.9,2.266
Myanmar,MMR,2020,6.48,2.179
Namibia,NAM,2015,6.64,3.604
Namibia,NAM,2020,6.88,3.349
Nepal,NPL,1950,0.11,6.057
Nepal,NPL,1955,0.12,6.066
Nepal,NPL,1960,0.14,6.069
Nepal,NPL,1965,0.28,6.007
Nepal,NPL,1970,0.52,5.869
Nepal,NPL,1975,0.75,5.733
Nepal,NPL,1980,1.04,5.603
Nepal,NPL,1985,1.86,5.457
Nepal,NPL,1990,2.58,5.211
Nepal,NPL,1995,2.76,4.869
Nepal,NPL,2000,3.13,3.984
Nepal,NPL,2005,3.74,3.115
Nepal,NPL,2010,4.44,2.541
Nepal,NPL,2015,5.44,2.273
Nepal,NPL,2020,6.19,2.051
Netherlands,NLD,1950,6.14,3.104
Netherlands,NLD,1955,6.2,3.032
Netherlands,NLD,1960,6.25,3.118
Netherlands,NLD,1965,7.49,3.03
Netherlands,NLD,1970,8.48,2.573
Netherlands,NLD,1975,9.28,1.666
Netherlands,NLD,1980,9.87,1.596
Netherlands,NLD,1985,10.22,1.509
Netherlands,NLD,1990,10.59,1.614
Netherlands,NLD,1995,10.88,1.534
Netherlands,NLD,2000,11.14,1.721
Netherlands,NLD,2005,11.15,1.706
Netherlands,NLD,2010,11.71,1.787
Netherlands,NLD,2015,11.74,1.657
Netherlands,NLD,2020,11.82,1.545
New Zealand,NZL,1950,9.34,3.552
New Zealand,NZL,1955,9.67,3.88
New Zealand,NZL,1960,10.12,4.241
New Zealand,NZL,1965,10.18,3.537
New Zealand,NZL,1970,11.17,3.168
New Zealand,NZL,1975,12.03,2.357
New Zealand,NZL,1980,11.81,2.032
New Zealand,NZL,1985,11.81,1.93
New Zealand,NZL,1990,11.69,2.167
New Zealand,NZL,1995,11.81,1.979
New Zealand,NZL,2000,11.98,1.977
New Zealand,NZL,2005,12.0,1.961
New Zealand,NZL,2010,11.12,2.165
New Zealand,NZL,2015,10.91,1.982
New Zealand,NZL,2020,10.81,1.63
Nicaragua,NIC,1950,1.54,7.121
Nicaragua,NIC,1955,1.83,7.123
Nicaragua,NIC,1960,2.19,7.159
Nicaragua,NIC,1965,2.61,7.033
Nicaragua,NIC,1970,3.07,6.773
Nicaragua,NIC,1975,3.38,6.445
Nicaragua,NIC,1980,3.84,5.959
Nicaragua,NIC,1985,4.21,5.359
Nicaragua,NIC,1990,4.64,4.596
Nicaragua,NIC,1995,5.19,3.775
Nicaragua,NIC,2000,5.7,3.12
Nicaragua,NIC,2005,6.28,2.765
Nicaragua,NIC,2010,6.82,2.596
Nicaragua,NIC,2015,7.25,2.434
Nicaragua,NIC,2020,7.76,2.299
Niger,NER,1950,0.33,7.559
Niger,NER,1955,0.35,7.551
Niger,NER,1960,0.38,7.53
Niger,NER,1965,0.4,7.466
Niger,NER,1970,0.45,7.514
Niger,NER,1975,0.53,7.539
Niger,NER,1980,0.67,7.782
Niger,NER,1985,0.85,7.932
Niger,NER,1990,1.08,7.806
Niger,NER,1995,1.28,7.776
Niger,NER,2000,1.43,7.829
Niger,NER,2005,1.62,7.769
Niger,NER,2010,1.95,7.64
Niger,NER,2015,2.44,7.215
Niger,NER,2020,3.04,6.369
Norway,NOR,1950,7.43,2.523
Norway,NOR,1955,7.45,2.758
Norway,NOR,1960,7.53,2.847
Norway,NOR,1965,7.96,2.925
Norway,NOR,1970,8.47,2.512
Norway,NOR,1975,8.77,1.986
Norway,NOR,1980,9.32,1.722
Norway,NOR,1985,10.16,1.675
Norway,NOR,1990,10.79,1.932
Norway,NOR,1995,11.31,1.873
Norway,NOR,2000,11.56,1.854
Norway,NOR,2005,11.91,1.835
Norway,NOR,2010,11.65,1.941
Norway,NOR,2015,12.11,1.728
Norway,NOR,2020,12.08,1.482
Pakistan,PAK,1950,1.0,6.8
Pakistan,PAK,1955,1.02,6.8
Pakistan,PAK,1960,1.18,6.8
Pakistan,PAK,1965,1.42,6.8
Pakistan,PAK,1970,1.63,6.801
Pakistan,PAK,1975,1.95,6.812
Pakistan,PAK,1980,2.24,6.734
Pakistan,PAK,1985,2.62,6.585
Pakistan,PAK,1990,3.05,6.364
Pakistan,PAK,1995,3.52,5.894
Pakistan,PAK,2000,4.04,5.352
Pakistan,PAK,2005,5.05,4.595
Pakistan,PAK,2010,5.22,4.398
Pakistan,PAK,2015,5.89,3.988
Pakistan,PAK,2020,6.41,3.765
Panama,PAN,1950,3.87,5.568
Panama,PAN,1955,4.26,5.734
Panama,PAN,1960,4.75,5.829
Panama,PAN,1965,5.01,5.728
Panama,PAN,1970,5.39,5.175
Panama,PAN,1975,6.1,4.414
Panama,PAN,1980,6.89,3.796
Panama,PAN,1985,7.59,3.427
Panama,PAN,1990,8.08,3.072
Panama,PAN,1995,8.71,2.852
Panama,PAN,2000,9.24,2.744
Panama,PAN,2005,9.51,2.643
Panama,PAN,2010,9.72,2.587
Panama,PAN,2015,10.06,2.53
Panama,PAN,2020,10.44,2.184
Papua New Guinea,PNG,2015,4.61,3.558
Papua New Guinea,PNG,2020,4.84,3.274
Paraguay,PRY,1950,2.81,6.49
Paraguay,PRY,1955,3.08,6.509
Paraguay,PRY,1960,3.47,6.5
Paraguay,PRY,1965,3.79,6.345
Paraguay,PRY,1970,4.32,5.718
Paraguay,PRY,1975,4.85,5.177
Paraguay,PRY,1980,5.37,5.102
Paraguay,PRY,1985,5.96,4.974
Paraguay,PRY,1990,6.43,4.565
Paraguay,PRY,1995,6.4,4.108
Paraguay,PRY,2000,6.55,3.508
Paraguay,PRY,2005,8.03,2.973
Paraguay,PRY,2010,7.99,2.695
Paraguay,PRY,2015,8.4,2.645
Paraguay,PRY,2020,8.83,2.497
Peru,PER,1950,2.91,6.939
Peru,PER,1955,3.1,6.96
Peru,PER,1960,3.32,6.941
Peru,PER,1965,3.79,6.75
Peru,PER,1970,4.47,6.316
Peru,PER,1975,5.43,5.709
Peru,PER,1980,6.2,5.041
Peru,PER,1985,6.75,4.46
Peru,PER,1990,7.39,3.912
Peru,PER,1995,8.09,3.315
Peru,PER,2000,9.05,2.845
Peru,PER,2005,9.88,2.643
Peru,PER,2010,9.28,2.421
Peru,PER,2015,9.61,2.229
Peru,PER,2020,9.96,2.056
Philippines,PHL,1950,2.35,7.129
Philippines,PHL,1955,3.36,7.071
Philippines,PHL,1960,3.49,6.996
Philippines,PHL,1965,4.01,6.799
Philippines,PHL,1970,4.83,6.218
Philippines,PHL,1975,5.56,5.596
Philippines,PHL,1980,6.26,5.108
Philippines,PHL,1985,6.64,4.664
Philippines,PHL,1990,7.15,4.322
Philippines,PHL,1995,7.59,4.067
Philippines,PHL,2000,7.96,3.754
Philippines,PHL,2005,8.27,3.448
Philippines,PHL,2010,8.65,3.315
Philippines,PHL,2015,9.14,2.829
Philippines,PHL,2020,9.44,2.075
Poland,POL,1950,5.52,3.654
Poland,POL,1955,5.81,3.555
Poland,POL,1960,6.19,3.004
Poland,POL,1965,6.92,2.537
Poland,POL,1970,7.63,2.254
Poland,POL,1975,8.19,2.282
Poland,POL,1980,8.31,2.277
Poland,POL,1985,8.69,2.323
Poland,POL,1990,9.75,2.065
Poland,POL,1995,10.32,1.634
Poland,POL,2000,10.74,1.366
Poland,POL,2005,11.36,1.244
Poland,POL,2010,11.62,1.407
Poland,POL,2015,11.84,1.323
Poland,POL,2020,12.01,1.384
Portugal,PRT,1940,1.65,3.203
Portugal,PRT,1945,1.84,3.407
Portugal,PRT,1950,2.01,3.158
Portugal,PRT,1955,2.2,3.133
Portugal,PRT,1960,2.46,3.16
Portugal,PRT,1965,2.64,3.159
Portugal,PRT,1970,3.17,3.008
Portugal,PRT,1975,4.27,2.75
Portugal,PRT,1980,5.45,2.245
Portugal,PRT,1985,6.08,1.729
Portugal,PRT,1990,6.73,1.555
Portugal,PRT,1995,7.49,1.411
Portugal,PRT,2000,8.41,1.538
Portugal,PRT,2005,8.12,1.408
Portugal,PRT,2010,8.71,1.381
Portugal,PRT,2015,9.14,1.302
Portugal,PRT,2020,9.56,1.405
Qatar,QAT,2015,8.46,1.976
Qatar,QAT,2020,8.52,1.675
Reunion,REU,1950,2.89,6.963
Reunion,REU,1955,2.77,6.766
Reunion,REU,1960,2.75,6.105
Reunion,REU,1965,2.93,6.152
Reunion,REU,1970,3.64,4.299
Reunion,REU,1975,4.5,3.647
Reunion,REU,1980,5.26,2.874
Reunion,REU,1985,5.9,2.51
Reunion,REU,1990,6.46,2.571
Reunion,REU,1995,6.97,2.272
Reunion,REU,2000,7.42,2.499
Reunion,REU,2005,7.85,2.486
Reunion,REU,2010,8.29,2.189
Reunion,REU,2015,8.5,2.235
Reunion,REU,2020,8.71,2.146
Romania,ROU,1950,4.51,3.076
Romania,ROU,1955,4.89,3.011
Romania,ROU,1960,5.39,2.318
Romania,ROU,1965,5.82,1.903
Romania,ROU,1970,7.05,2.812
Romania,ROU,1975,8.09,2.595
Romania,ROU,1980,8.78,2.435
Romania,ROU,1985,9.33,2.309
Romania,ROU,1990,9.84,1.837
Romania,ROU,1995,10.37,1.337
Romania,ROU,2000,10.7,1.303
Romania,ROU,2005,10.89,1.394
Romania,ROU,2010,11.24,1.574
Romania,ROU,2015,11.07,1.621
Romania,ROU,2020,11.28,1.726
Russia,RUS,1950,4.08,2.926
Russia,RUS,1955,4.58,2.812
Russia,RUS,1960,4.88,2.633
Russia,RUS,1965,5.62,2.113
Russia,RUS,1970,6.39,2.007
Russia,RUS,1975,7.29,2.002
Russia,RUS,1980,8.36,1.916
Russia,RUS,1985,9.37,2.094
Russia,RUS,1990,10.21,1.91
Russia,RUS,1995,10.73,1.352
Russia,RUS,2000,11.54,1.19
Russia,RUS,2005,11.76,1.299
Russia,RUS,2010,12.02,1.585
Russia,RUS,2015,11.56,1.79
Russia,RUS,2020,11.6,1.505
Rwanda,RWA,2015,4.62,4.108
Rwanda,RWA,2020,5.24,3.913
Saudi Arabia,SAU,2015,9.34,2.63
Saudi Arabia,SAU,2020,9.86,2.27
Senegal,SEN,1950,1.87,6.787
Senegal,SEN,1955,1.95,6.834
Senegal,SEN,1960,2.07,6.996
Senegal,SEN,1965,2.11,7.19
Senegal,SEN,1970,2.3,7.262
Senegal,SEN,1975,2.49,7.252
Senegal,SEN,1980,2.52,7.292
Senegal,SEN,1985,2.45,7.013
Senegal,SEN,1990,2.37,6.396
Senegal,SEN,1995,2.26,5.819
Senegal,SEN,2000,1.98,5.498
Senegal,SEN,2005,1.67,5.133
Senegal,SEN,2010,3.11,5.055
Senegal,SEN,2015,3.73,4.751
Senegal,SEN,2020,4.4,4.003
Serbia,SRB,1950,4.59,2.928
Serbia,SRB,1955,4.99,2.451
Serbia,SRB,1960,5.14,2.155
Serbia,SRB,1965,5.45,2.057
Serbia,SRB,1970,6.09,1.973
Serbia,SRB,1975,6.81,1.923
Serbia,SRB,1980,7.42,1.863
Serbia,SRB,1985,7.92,1.8
Serbia,SRB,1990,8.15,1.649
Serbia,SRB,1995,8.88,1.468
Serbia,SRB,2000,9.52,1.353
Serbia,SRB,2005,10.6,1.336
Serbia,SRB,2010,11.52,1.399
Serbia,SRB,2015,11.49,1.46
Serbia,SRB,2020,11.72,1.485
Sierra Leone,SLE,1950,0.41,6.09
Sierra Leone,SLE,1955,0.46,6.073
Sierra Leone,SLE,1960,0.51,6.175
Sierra Leone,SLE,1965,0.68,6.311
Sierra Leone,SLE,1970,0.87,6.411
Sierra Leone,SLE,1975,1.14,6.546
Sierra Leone,SLE,1980,1.44,6.562
Sierra Leone,SLE,1985,1.81,6.592
Sierra Leone,SLE,1990,2.17,6.567
Sierra Leone,SLE,1995,2.55,6.555
Sierra Leone,SLE,2000,2.9,6.355
Sierra Leone,SLE,2005,3.36,5.807
Sierra Leone,SLE,2010,4.28,5.327
Sierra Leone,SLE,2015,4.23,4.548
Sierra Leone,SLE,2020,4.99,4.08
Singapore,SGP,2015,12.54,0.977
Singapore,SGP,2020,13.06,0.942
Slovakia,SVK,2015,13.03,1.403
Slovakia,SVK,2020,13.14,1.591
Slovenia,SVN,2015,11.95,1.576
Slovenia,SVN,2020,12.06,1.594
South Africa,ZAF,1950,4.2,6.032
South Africa,ZAF,1955,4.4,6.127
South Africa,ZAF,1960,4.47,6.105
South Africa,ZAF,1965,4.55,5.892
South Africa,ZAF,1970,4.7,5.634
South Africa,ZAF,1975,4.9,5.191
South Africa,ZAF,1980,5.18,4.78
South Africa,ZAF,1985,5.21,4.495
South Africa,ZAF,1990,6.89,3.724
South Africa,ZAF,1995,8.37,3.172
South Africa,ZAF,2000,7.92,2.413
South Africa,ZAF,2005,8.86,2.512
South Africa,ZAF,2010,9.89,2.445
South Africa,ZAF,2015,10.15,2.359
South Africa,ZAF,2020,10.47,2.257
South Korea,KOR,1950,4.64,6.063
South Korea,KOR,1955,5.22,6.169
South Korea,KOR,1960,4.46,5.994
South Korea,KOR,1965,5.68,4.887
South Korea,KOR,1970,6.59,4.459
South Korea,KOR,1975,7.54,3.313
South Korea,KOR,1980,8.61,2.734
South Korea,KOR,1985,9.52,1.705
South Korea,KOR,1990,10.46,1.603
South Korea,KOR,1995,11.17,1.646
South Korea,KOR,2000,11.8,1.467
South Korea,KOR,2005,12.27,1.115
South Korea,KOR,2010,12.96,1.226
South Korea,KOR,2015,13.33,1.202
South Korea,KOR,2020,13.68,0.812
Spain,ESP,1925,3.2,3.885
Spain,ESP,1930,3.31,3.695
Spain,ESP,1935,3.31,3.286
Spain,ESP,1940,3.42,3.07
Spain,ESP,1945,3.66,2.889
Spain,ESP,1950,3.83,2.47
Spain,ESP,1955,4.04,2.507
Spain,ESP,1960,4.42,2.808
Spain,ESP,1965,4.7,2.926
Spain,ESP,1970,5.33,2.884
Spain,ESP,1975,6.19,2.773
Spain,ESP,1980,7.24,2.212
Spain,ESP,1985,7.24,1.637
Spain,ESP,1990,7.51,1.358
Spain,ESP,1995,8.72,1.153
Spain,ESP,2000,9.65,1.21
Spain,ESP,2005,10.64,1.329
Spain,ESP,2010,10.75,1.366
Spain,ESP,2015,11.24,1.33
Spain,ESP,2020,11.51,1.186
Sri Lanka,LKA,1950,3.55,5.462
Sri Lanka,LKA,1955,3.84,5.308
Sri Lanka,LKA,1960,4.12,5.352
Sri Lanka,LKA,1965,4.49,4.934
Sri Lanka,LKA,1970,6.63,4.387
Sri Lanka,LKA,1975,6.97,3.816
Sri Lanka,LKA,1980,7.22,3.725
Sri Lanka,LKA,1985,7.89,2.895
Sri Lanka,LKA,1990,8.9,2.541
Sri Lanka,LKA,1995,9.83,2.353
Sri Lanka,LKA,2000,10.77,2.213
Sri Lanka,LKA,2005,10.83,2.263
Sri Lanka,LKA,2010,10.67,2.134
Sri Lanka,LKA,2015,10.09,2.09
Sri Lanka,LKA,2020,10.33,2.007
Sudan,SDN,1950,0.35,6.663
Sudan,SDN,1955,0.43,6.679
Sudan,SDN,1960,0.51,6.663
Sudan,SDN,1965,0.63,6.84
Sudan,SDN,1970,0.78,6.986
Sudan,SDN,1975,1.03,6.866
Sudan,SDN,1980,1.42,6.592
Sudan,SDN,1985,1.93,6.279
Sudan,SDN,1990,2.4,6.074
Sudan,SDN,1995,2.78,5.856
Sudan,SDN,2000,3.09,5.596
Sudan,SDN,2005,3.31,5.397
Sudan,SDN,2010,3.49,5.141
Sudan,SDN,2015,3.85,4.898
Sudan,SDN,2020,4.38,4.542
Sweden,SWE,1895,4.21,4.083
Sweden,SWE,1900,4.32,4.013
Sweden,SWE,1905,4.42,3.796
Sweden,SWE,1910,4.5,3.57
Sweden,SWE,1915,4.59,3.033
Sweden,SWE,1920,4.84,3.198
Sweden,SWE,1925,5.06,2.309
Sweden,SWE,1930,5.64,1.931
Sweden,SWE,1935,5.89,1.676
Sweden,SWE,1940,6.16,1.824
Sweden,SWE,1945,6.53,2.588
Sweden,SWE,1950,6.95,2.286
Sweden,SWE,1955,7.28,2.248
Sweden,SWE,1960,7.69,2.17
Sweden,SWE,1965,8.12,2.401
Sweden,SWE,1970,8.65,1.921
Sweden,SWE,1975,9.62,1.767
Sweden,SWE,1980,10.3,1.672
Sweden,SWE,1985,10.65,1.734
Sweden,SWE,1990,11.03,2.121
Sweden,SWE,1995,11.41,1.73
Sweden,SWE,2000,11.72,1.542
Sweden,SWE,2005,11.86,1.772
Sweden,SWE,2010,11.95,1.973
Sweden,SWE,2015,11.89,1.847
Sweden,SWE,2020,11.93,1.671
Switzerland,CHE,1935,7.96,1.843
Switzerland,CHE,1940,8.21,1.816
Switzerland,CHE,1945,8.52,2.598
Switzerland,CHE,1950,8.97,2.399
Switzerland,CHE,1955,9.09,2.309
Switzerland,CHE,1960,9.16,2.441
Switzerland,CHE,1965,9.5,2.587
Switzerland,CHE,1970,9.9,2.103
Switzerland,CHE,1975,10.55,1.614
Switzerland,CHE,1980,11.32,1.547
Switzerland,CHE,1985,10.67,1.513
Switzerland,CHE,1990,10.54,1.578
Switzerland,CHE,1995,10.41,1.478
Switzerland,CHE,2000,10.14,1.486
Switzerland,CHE,2005,10.82,1.416
Switzerland,CHE,2010,12.92,1.517
Switzerland,CHE,2015,12.95,1.537
Switzerland,CHE,2020,12.97,1.466
Syria,SYR,1950,0.92,7.618
Syria,SYR,1955,1.05,7.634
Syria,SYR,1960,1.31,7.505
Syria,SYR,1965,1.63,7.532
Syria,SYR,1970,2.2,7.621
Syria,SYR,1975,2.89,7.486
Syria,SYR,1980,3.55,7.119
Syria,SYR,1985,4.26,6.484
Syria,SYR,1990,4.68,5.561
Syria,SYR,1995,4.77,4.697
Syria,SYR,2000,4.79,4.068
Syria,SYR,2005,6.12,3.605
Syria,SYR,2010,7.07,3.355
Syria,SYR,2015,7.44,3.067
Syria,SYR,2020,7.92,2.837
Taiwan,TWN,1950,3.16,6.481
Taiwan,TWN,1955,3.47,6.586
Taiwan,TWN,1960,3.76,5.787
Taiwan,TWN,1965,4.18,4.994
Taiwan,TWN,1970,5.1,3.976
Taiwan,TWN,1975,6.07,2.973
Taiwan,TWN,1980,7.1,2.53
Taiwan,TWN,1985,7.89,1.884
Taiwan,TWN,1990,8.68,1.787
Taiwan,TWN,1995,9.55,1.782
Taiwan,TWN,2000,10.38,1.472
Taiwan,TWN,2005,11.35,1.133
Taiwan,TWN,2010,11.96,0.916
Taiwan,TWN,2015,12.37,1.185
Taiwan,TWN,2020,12.76,0.99
Tajikistan,TJK,2015,10.16,3.459
Tajikistan,TJK,2020,10.12,3.211
Tanzania,TZA,2015,6.41,5.025
Tanzania,TZA,2020,6.87,4.801
Thailand,THA,1950,2.16,6.359
Thailand,THA,1955,2.44,6.391
Thailand,THA,1960,2.68,6.325
Thailand,THA,1965,2.39,6.258
Thailand,THA,1970,2.74,5.452
Thailand,THA,1975,3.24,4.364
Thailand,THA,1980,3.9,3.293
Thailand,THA,1985,4.45,2.45
Thailand,THA,1990,5.21,2.065
Thailand,THA,1995,5.79,1.888
Thailand,THA,2000,6.09,1.734
Thailand,THA,2005,7.46,1.644
Thailand,THA,2010,8.47,1.562
Thailand,THA,2015,8.71,1.451
Thailand,THA,2020,9.32,1.259
Togo,TGO,1950,0.36,6.598
Togo,TGO,1955,0.43,6.665
Togo,TGO,1960,0.53,6.797
Togo,TGO,1965,0.65,6.937
Togo,TGO,1970,0.92,7.035
Togo,TGO,1975,1.93,7.088
Togo,TGO,1980,2.95,6.876
Togo,TGO,1985,3.65,6.457
Togo,TGO,1990,4.3,6.067
Togo,TGO,1995,4.62,5.565
Togo,TGO,2000,5.05,5.165
Togo,TGO,2005,5.44,5.038
Togo,TGO,2010,6.09,5.087
Togo,TGO,2015,6.85,4.662
Togo,TGO,2020,7.68,4.386
Tonga,TON,2015,11.22,3.54
Tonga,TON,2020,11.42,3.234
Trinidad and Tobago,TTO,1950,5.16,5.182
Trinidad and Tobago,TTO,1955,5.37,5.349
Trinidad and Tobago,TTO,1960,5.73,5.405
Trinidad and Tobago,TTO,1965,6.05,4.88
Trinidad and Tobago,TTO,1970,6.51,3.709
Trinidad and Tobago,TTO,1975,7.03,3.214
Trinidad and Tobago,TTO,1980,7.57,3.145
Trinidad and Tobago,TTO,1985,8.13,2.988
Trinidad and Tobago,TTO,1990,8.71,2.394
Trinidad and Tobago,TTO,1995,9.22,1.967
Trinidad and Tobago,TTO,2000,9.72,1.732
Trinidad and Tobago,TTO,2005,10.27,1.625
Trinidad and Tobago,TTO,2010,10.96,1.614
Trinidad and Tobago,TTO,2015,11.0,1.598
Trinidad and Tobago,TTO,2020,11.28,1.572
Tunisia,TUN,1950,0.68,6.68
Tunisia,TUN,1955,0.82,6.973
Tunisia,TUN,1960,0.96,7.157
Tunisia,TUN,1965,1.37,7.113
Tunisia,TUN,1970,1.9,6.426
Tunisia,TUN,1975,2.63,5.972
Tunisia,TUN,1980,3.47,5.033
Tunisia,TUN,1985,3.93,4.521
Tunisia,TUN,1990,4.68,3.441
Tunisia,TUN,1995,5.48,2.67
Tunisia,TUN,2000,6.32,2.025
Tunisia,TUN,2005,7.21,1.953
Tunisia,TUN,2010,8.0,2.075
Tunisia,TUN,2015,8.63,2.306
Tunisia,TUN,2020,9.29,2.0
Turkey,TUR,1950,1.14,6.468
Turkey,TUR,1955,1.42,6.463
Turkey,TUR,1960,1.84,6.383
Turkey,TUR,1965,2.2,6.22
Turkey,TUR,1970,2.58,5.775
Turkey,TUR,1975,3.09,5.087
Turkey,TUR,1980,3.77,4.453
Turkey,TUR,1985,4.82,3.779
Turkey,TUR,1990,5.22,3.107
Turkey,TUR,1995,5.88,2.835
Turkey,TUR,2000,6.37,2.487
Turkey,TUR,2005,6.86,2.197
Turkey,TUR,2010,7.44,2.08
Turkey,TUR,2015,8.13,2.157
Turkey,TUR,2020,8.49,1.768
Uganda,UGA,1950,0.92,6.657
Uganda,UGA,1955,1.06,6.743
Uganda,UGA,1960,1.18,6.905
Uganda,UGA,1965,1.29,7.042
Uganda,UGA,1970,1.58,7.149
Uganda,UGA,1975,2.0,7.201
Uganda,UGA,1980,2.4,7.113
Uganda,UGA,1985,3.02,7.037
Uganda,UGA,1990,3.71,7.014
Uganda,UGA,1995,4.17,6.871
Uganda,UGA,2000,4.56,6.788
Uganda,UGA,2005,5.11,6.525
Uganda,UGA,2010,5.87,6.019
Uganda,UGA,2015,6.27,5.251
Uganda,UGA,2020,6.69,4.621
Ukraine,UKR,2015,10.81,1.387
Ukraine,UKR,2020,10.82,1.208
United Arab Emirates,ARE,2015,9.35,1.417
United Arab Emirates,ARE,2020,9.57,1.289
United Kingdom,GBR,1950,6.49,2.224
United Kingdom,GBR,1955,6.73,2.279
United Kingdom,GBR,1960,7.01,2.704
United Kingdom,GBR,1965,7.65,2.867
United Kingdom,GBR,1970,8.06,2.421
United Kingdom,GBR,1975,8.39,1.807
United Kingdom,GBR,1980,8.52,1.888
United Kingdom,GBR,1985,8.76,1.788
United Kingdom,GBR,1990,9.28,1.829
United Kingdom,GBR,1995,9.67,1.709
United Kingdom,GBR,2000,9.97,1.641
United Kingdom,GBR,2005,11.57,1.761
United Kingdom,GBR,2010,12.46,1.918
United Kingdom,GBR,2015,12.67,1.801
United Kingdom,GBR,2020,12.9,1.571
United States,USA,1935,8.34,2.038
United States,USA,1940,8.68,2.113
United States,USA,1945,8.93,2.38
United States,USA,1950,8.74,3.086
United States,USA,1955,9.14,3.515
United States,USA,1960,9.63,3.732
United States,USA,1965,10.42,2.983
United States,USA,1970,11.1,2.515
United States,USA,1975,11.73,1.815
United States,USA,1980,12.28,1.861
United States,USA,1985,12.35,1.854
United States,USA,1990,12.55,2.072
United States,USA,1995,12.83,1.965
United States,USA,2000,13.1,2.03
United States,USA,2005,13.01,2.04
United States,USA,2010,13.24,1.916
United States,USA,2015,13.29,1.832
United States,USA,2020,13.32,1.616
Uruguay,URY,1950,4.47,2.692
Uruguay,URY,1955,4.77,2.757
Uruguay,URY,1960,5.06,2.827
Uruguay,URY,1965,5.43,2.84
Uruguay,URY,1970,5.94,2.772
Uruguay,URY,1975,6.45,3.017
Uruguay,URY,1980,6.94,2.59
Uruguay,URY,1985,7.4,2.47
Uruguay,URY,1990,7.71,2.477
Uruguay,URY,1995,8.08,2.401
Uruguay,URY,2000,8.36,2.196
Uruguay,URY,2005,8.5,2.097
Uruguay,URY,2010,8.61,2.011
Uruguay,URY,2015,8.65,2.041
Uruguay,URY,2020,8.76,1.497
Venezuela,VEN,1950,1.65,6.635
Venezuela,VEN,1955,2.01,6.599
Venezuela,VEN,1960,2.44,6.382
Venezuela,VEN,1965,2.75,5.977
Venezuela,VEN,1970,3.49,5.321
Venezuela,VEN,1975,4.51,4.686
Venezuela,VEN,1980,5.47,4.2
Venezuela,VEN,1985,5.33,3.794
Venezuela,VEN,1990,5.26,3.448
Venezuela,VEN,1995,6.11,3.082
Venezuela,VEN,2000,7.01,2.79
Venezuela,VEN,2005,7.8,2.629
Venezuela,VEN,2010,8.78,2.396
Venezuela,VEN,2015,9.02,2.253
Venezuela,VEN,2020,9.33,2.116
Vietnam,VNM,2015,7.99,2.1
Vietnam,VNM,2020,8.35,1.957
World,OWID_WRL,1950,3.0336335,4.852
World,OWID_WRL,1955,3.250855,5.003
World,OWID_WRL,1960,3.5115314,4.696
World,OWID_WRL,1965,3.8569107,5.071
World,OWID_WRL,1970,4.3155894,4.825
World,OWID_WRL,1975,4.7661443,4.08
World,OWID_WRL,1980,5.310849,3.744
World,OWID_WRL,1985,5.7433367,3.515
World,OWID_WRL,1990,6.174556,3.31
World,OWID_WRL,1995,6.7308083,2.889
World,OWID_WRL,2000,7.2817993,2.754
World,OWID_WRL,2005,7.7389355,2.63
World,OWID_WRL,2010,8.149967,2.602
World,OWID_WRL,2015,8.478128,2.537
World,OWID_WRL,2020,8.840671,2.322
Yemen,YEM,1950,0.03,7.971
Yemen,YEM,1955,0.03,7.97
Yemen,YEM,1960,0.04,7.988
Yemen,YEM,1965,0.06,8.101
Yemen,YEM,1970,0.07,8.234
Yemen,YEM,1975,0.08,8.373
Yemen,YEM,1980,0.25,8.71
Yemen,YEM,1985,0.64,8.864
Yemen,YEM,1990,1.25,8.606
Yemen,YEM,1995,1.77,7.525
Yemen,YEM,2000,2.45,6.317
Yemen,YEM,2005,3.12,5.563
Yemen,YEM,2010,3.84,4.81
Yemen,YEM,2015,4.64,4.617
Yemen,YEM,2020,5.56,4.6
Zambia,ZMB,1950,1.84,6.779
Zambia,ZMB,1955,2.03,6.803
Zambia,ZMB,1960,2.36,6.947
Zambia,ZMB,1965,2.68,7.116
Zambia,ZMB,1970,3.12,7.224
Zambia,ZMB,1975,3.81,7.421
Zambia,ZMB,1980,4.36,7.139
Zambia,ZMB,1985,4.77,6.928
Zambia,ZMB,1990,5.02,6.567
Zambia,ZMB,1995,6.03,6.232
Zambia,ZMB,2000,6.35,5.921
Zambia,ZMB,2005,6.59,5.697
Zambia,ZMB,2010,7.4,5.359
Zambia,ZMB,2015,7.9,4.775
Zambia,ZMB,2020,8.37,4.323
Zimbabwe,ZWE,1950,1.66,7.041
Zimbabwe,ZWE,1955,1.99,7.099
Zimbabwe,ZWE,1960,2.38,7.195
Zimbabwe,ZWE,1965,2.68,7.231
Zimbabwe,ZWE,1970,3.22,6.982
Zimbabwe,ZWE,1975,3.54,6.832
Zimbabwe,ZWE,1980,4.03,6.517
Zimbabwe,ZWE,1985,4.84,5.871
Zimbabwe,ZWE,1990,5.97,4.876
Zimbabwe,ZWE,1995,6.85,4.153
Zimbabwe,ZWE,2000,7.26,4.009
Zimbabwe,ZWE,2005,7.65,3.693
Zimbabwe,ZWE,2010,7.86,4.04
Zimbabwe,ZWE,2015,8.03,3.911
Zimbabwe,ZWE,2020,8.32,3.754
