Entity,Code,Year,Total fertility rate,Average years of schooling
Afghanistan,AFG,1950,7.248,0.28
Afghanistan,AFG,1955,7.262,0.32
Afghanistan,AFG,1960,7.282,0.39
Afghanistan,AFG,1965,7.305,0.44
Afghanistan,AFG,1970,7.4,0.72
Afghanistan,AFG,1975,7.542,0.97
Afghanistan,AFG,1980,7.643,1.29
Afghanistan,AFG,1985,7.55,1.73
Afghanistan,AFG,1990,7.576,2.06
Afghanistan,AFG,1995,7.767,2.4
Afghanistan,AFG,2000,7.566,3.03
Afghanistan,AFG,2005,6.858,3.32
Afghanistan,AFG,2010,6.195,3.93
Afghanistan,AFG,2015,5.652,4.81
Afghanistan,AFG,2020,5.145,5.69
Albania,ALB,1950,6.169,2.75
Albania,ALB,1955,6.541,2.93
Albania,ALB,1960,6.383,3.23
Albania,ALB,1965,5.474,3.63
Albania,ALB,1970,5.158,4.63
Albania,ALB,1975,4.566,5.77
Albania,ALB,1980,3.59,6.95
Albania,ALB,1985,3.214,7.93
Albania,ALB,1990,3.014,8.61
Albania,ALB,1995,2.762,8.54
Albania,ALB,2000,2.217,9.93
Albania,ALB,2005,1.787,10.24
Albania,ALB,2010,1.653,10.44
Albania,ALB,2015,1.631,9.99
Albania,ALB,2020,1.371,10.32
Algeria,DZA,1950,7.324,0.83
Algeria,DZA,1955,7.336,0.82
Algeria,DZA,1960,7.503,0.9
Algeria,DZA,1965,7.711,1.15
Algeria,DZA,1970,7.704,1.69
Algeria,DZA,1975,7.485,2.26
Algeria,DZA,1980,6.994,3.0
Algeria,DZA,1985,6.035,4.28
Algeria,DZA,1990,4.509,5.05
Algeria,DZA,1995,3.487,5.76
Algeria,DZA,2000,2.59,6.06
Algeria,DZA,2005,2.562,6.43
Algeria,DZA,2010,2.875,7.0
Algeria,DZA,2015,3.091,7.55
Algeria,DZA,2020,2.94,8.18
Argentina,ARG,1950,3.164,4.91
Argentina,ARG,1955,3.139,5.24
Argentina,ARG,1960,3.136,5.69
Argentina,ARG,1965,3.005,6.03
Argentina,ARG,1970,3.085,6.48
Argentina,ARG,1975,3.271,7.03
Argentina,ARG,1980,3.301,7.51
Argentina,ARG,1985,3.066,8.09
Argentina,ARG,1990,3.034,8.67
Argentina,ARG,1995,2.864,8.91
Argentina,ARG,2000,2.591,9.08
Argentina,ARG,2005,2.426,9.57
Argentina,ARG,2010,2.411,9.71
Argentina,ARG,2015,2.35,9.59
Argentina,ARG,2020,1.601,9.86
Armenia,ARM,2015,1.621,10.45
Armenia,ARM,2020,1.619,10.54
Australia,AUS,1950,3.063,8.21
Australia,AUS,1955,3.273,8.49
Australia,AUS,1960,3.453,8.78
Australia,AUS,1965,2.979,9.19
Australia,AUS,1970,2.86,10.11
Australia,AUS,1975,2.207,10.8
Australia,AUS,1980,1.901,11.4
Australia,AUS,1985,1.899,11.43
Australia,AUS,1990,1.908,11.44
Australia,AUS,1995,1.825,11.51
Australia,AUS,2000,1.764,11.37
Australia,AUS,2005,1.849,11.71
Australia,AUS,2010,1.948,11.69
Australia,AUS,2015,1.803,12.92
Australia,AUS,2020,1.593,12.93
Austria,AUT,1950,2.089,5.89
Austria,AUT,1955,2.268,5.64
Austria,AUT,1960,2.689,5.67
Austria,AUT,1965,2.697,6.54
Austria,AUT,1970,2.294,7.26
Austria,AUT,1975,1.823,7.44
Austria,AUT,1980,1.651,7.6
Austria,AUT,1985,1.479,7.84
Austria,AUT,1990,1.467,8.26
Austria,AUT,1995,1.431,8.93
Austria,AUT,2000,1.364,9.43
Austria,AUT,2005,1.406,9.89
Austria,AUT,2010,1.44,10.13
Austria,AUT,2015,1.492,10.27
Austria,AUT,2020,1.439,10.39
Bahrain,BHR,2015,2.113,7.82
Bahrain,BHR,2020,1.86,8.21
Bangladesh,BGD,1950,6.374,0.93
Bangladesh,BGD,1955,6.505,0.95
Bangladesh,BGD,1960,6.742,1.03
Bangladesh,BGD,1965,6.771,1.27
Bangladesh,BGD,1970,6.839,1.41
Bangladesh,BGD,1975,6.728,1.63
Bangladesh,BGD,1980,6.326,2.31
Bangladesh,BGD,1985,5.539,2.87
Bangladesh,BGD,1990,4.506,3.15
Bangladesh,BGD,1995,3.588,3.72
Bangladesh,BGD,2000,3.279,4.77
Bangladesh,BGD,2005,2.846,5.51
Bangladesh,BGD,2010,2.38,6.22
Bangladesh,BGD,2015,2.227,6.76
Bangladesh,BGD,2020,2.175,7.23
Barbados,BRB,1950,4.473,4.68
Barbados,BRB,1955,4.44,4.85
Barbados,BRB,1960,4.706,5.08
Barbados,BRB,1965,4.176,6.79
Barbados,BRB,1970,3.079,8.59
Barbados,BRB,1975,2.447,7.95
Barbados,BRB,1980,1.777,7.72
Barbados,BRB,1985,1.769,8.42
Barbados,BRB,1990,1.842,8.79
Barbados,BRB,1995,1.704,9.07
Barbados,BRB,2000,1.933,9.23
Barbados,BRB,2005,1.738,9.41
Barbados,BRB,2010,1.785,9.57
Barbados,BRB,2015,1.726,9.46
Barbados,BRB,2020,1.708,9.67
Belgium,BEL,1950,2.346,6.85
Belgium,BEL,1955,2.382,7.17
Belgium,BEL,1960,2.533,7.4
Belgium,BEL,1965,2.612,7.56
Belgium,BEL,1970,2.254,7.98
Belgium,BEL,1975,1.749,8.39
Belgium,BEL,1980,1.693,8.93
Belgium,BEL,1985,1.504,9.41
Belgium,BEL,1990,1.625,10.0
Belgium,BEL,1995,1.564,10.64
Belgium,BEL,2000,1.663,10.95
Belgium,BEL,2005,1.754,11.11
Belgium,BEL,2010,1.849,11.29
Belgium,BEL,2015,1.69,11.36
Belgium,BEL,2020,1.575,11.57
Belize,BLZ,1950,6.69,7.28
Belize,BLZ,1955,6.6,7.46
Belize,BLZ,1960,6.5,7.8
Belize,BLZ,1965,6.4,7.91
Belize,BLZ,1970,6.299,7.86
Belize,BLZ,1975,6.278,8.11
Belize,BLZ,1980,5.849,7.88
Belize,BLZ,1985,4.997,8.1
Belize,BLZ,1990,4.802,8.97
Belize,BLZ,1995,3.876,9.62
Belize,BLZ,2000,3.633,10.19
Belize,BLZ,2005,3.173,10.77
Belize,BLZ,2010,2.552,11.28
Belize,BLZ,2015,2.433,10.56
Belize,BLZ,2020,2.04,10.71
Benin,BEN,1950,5.751,0.52
Benin,BEN,1955,5.993,0.61
Benin,BEN,1960,6.282,0.7
Benin,BEN,1965,6.605,0.79
Benin,BEN,1970,6.735,0.87
Benin,BEN,1975,6.83,0.96
Benin,BEN,1980,6.989,1.26
Benin,BEN,1985,7.003,1.77
Benin,BEN,1990,6.741,2.24
Benin,BEN,1995,6.33,2.73
Benin,BEN,2000,5.937,3.31
Benin,BEN,2005,5.692,3.85
Benin,BEN,2010,5.452,4.57
Benin,BEN,2015,5.32,5.42
Benin,BEN,2020,4.795,6.27
Bolivia,BOL,1950,6.191,2.44
Bolivia,BOL,1955,6.241,2.8
Bolivia,BOL,1960,6.273,3.15
Bolivia,BOL,1965,6.182,3.7
Bolivia,BOL,1970,6.004,4.14
Bolivia,BOL,1975,5.748,4.8
Bolivia,BOL,1980,5.474,5.76
Bolivia,BOL,1985,5.153,6.7
Bolivia,BOL,1990,4.9,7.63
Bolivia,BOL,1995,4.409,8.09
Bolivia,BOL,2000,3.991,8.73
Bolivia,BOL,2005,3.558,8.77
Bolivia,BOL,2010,3.213,8.57
Bolivia,BOL,2015,2.886,8.62
Bolivia,BOL,2020,2.651,9.06
Botswana,BWA,2015,3.008,10.27
Botswana,BWA,2020,2.861,10.58
Brazil,BRA,1950,6.122,2.11
Brazil,BRA,1955,6.084,2.3
Brazil,BRA,1960,6.051,2.53
Brazil,BRA,1965,5.677,2.82
Brazil,BRA,1970,4.934,3.28
Brazil,BRA,1975,4.415,2.87
Brazil,BRA,1980,4.037,3.05
Brazil,BRA,1985,3.48,4.12
Brazil,BRA,1990,2.896,4.94
Brazil,BRA,1995,2.567,5.79
Brazil,BRA,2000,2.247,6.76
Brazil,BRA,2005,1.942,7.67
Brazil,BRA,2010,1.786,8.17
Brazil,BRA,2015,1.777,7.66
Brazil,BRA,2020,1.653,8.0
Brunei,BRN,2015,1.947,9.08
Brunei,BRN,2020,1.796,9.28
Bulgaria,BGR,1950,2.482,3.97
Bulgaria,BGR,1955,2.37,4.82
Bulgaria,BGR,1960,2.309,5.24
Bulgaria,BGR,1965,2.085,4.71
Bulgaria,BGR,1970,2.179,6.54
Bulgaria,BGR,1975,2.235,7.41
Bulgaria,BGR,1980,2.056,8.15
Bulgaria,BGR,1985,1.967,8.76
Bulgaria,BGR,1990,1.795,8.68
Bulgaria,BGR,1995,1.247,9.31
Bulgaria,BGR,2000,1.29,9.65
Bulgaria,BGR,2005,1.358,10.61
Bulgaria,BGR,2010,1.567,11.07
Bulgaria,BGR,2015,1.528,10.71
Bulgaria,BGR,2020,1.557,10.75
Burundi,BDI,2015,5.695,4.3
Burundi,BDI,2020,5.177,5.05
Cambodia,KHM,1950,6.53,0.44
Cambodia,KHM,1955,6.526,0.67
Cambodia,KHM,1960,6.313,1.23
Cambodia,KHM,1965,6.267,1.53
Cambodia,KHM,1970,6.071,1.91
Cambodia,KHM,1975,4.103,2.31
Cambodia,KHM,1980,5.774,2.66
Cambodia,KHM,1985,6.313,2.89
Cambodia,KHM,1990,5.642,3.2
Cambodia,KHM,1995,5.076,3.41
Cambodia,KHM,2000,3.794,3.64
Cambodia,KHM,2005,3.238,4.26
Cambodia,KHM,2010,2.859,4.94
Cambodia,KHM,2015,2.729,5.32
Cambodia,KHM,2020,2.699,5.81
Cameroon,CMR,1950,5.731,0.72
Cameroon,CMR,1955,5.737,0.92
Cameroon,CMR,1960,5.725,1.12
Cameroon,CMR,1965,5.796,1.51
Cameroon,CMR,1970,6.197,1.92
Cameroon,CMR,1975,6.401,2.58
Cameroon,CMR,1980,6.613,3.25
Cameroon,CMR,1985,6.564,3.94
Cameroon,CMR,1990,6.362,4.65
Cameroon,CMR,1995,5.919,5.3
Cameroon,CMR,2000,5.514,5.76
Cameroon,CMR,2005,5.421,6.06
Cameroon,CMR,2010,5.154,6.41
Cameroon,CMR,2015,4.841,7.05
Cameroon,CMR,2020,4.557,7.37
Canada,CAN,1925,3.13,5.92
Canada,CAN,1930,3.281,6.35
Canada,CAN,1935,2.751,6.85
Canada,CAN,1940,2.758,7.14
Canada,CAN,1945,2.999,7.46
Canada,CAN,1950,3.374,7.76
Canada,CAN,1955,3.746,8.11
Canada,CAN,1960,3.82,8.55
Canada,CAN,1965,3.075,8.85
Canada,CAN,1970,2.267,9.47
Canada,CAN,1975,1.799,10.02
Canada,CAN,1980,1.658,10.49
Canada,CAN,1985,1.594,10.29
Canada,CAN,1990,1.696,10.71
Canada,CAN,1995,1.674,11.11
Canada,CAN,2000,1.51,11.39
Canada,CAN,2005,1.566,12.49
Canada,CAN,2010,1.642,12.74
Canada,CAN,2015,1.601,12.83
Canada,CAN,2020,1.413,12.93
Central African Republic,CAF,2015,6.126,4.21
Central African Republic,CAF,2020,6.059,4.64
Chile,CHL,1950,4.836,4.91
Chile,CHL,1955,4.777,5.04
Chile,CHL,1960,4.697,5.23
Chile,CHL,1965,4.364,5.71
Chile,CHL,1970,3.778,6.18
Chile,CHL,1975,3.182,6.7
Chile,CHL,1980,2.744,7.13
Chile,CHL,1985,2.592,7.85
Chile,CHL,1990,2.579,8.58
Chile,CHL,1995,2.353,8.92
Chile,CHL,2000,2.046,9.41
Chile,CHL,2005,1.825,9.96
Chile,CHL,2010,1.844,10.35
Chile,CHL,2015,1.737,10.49
Chile,CHL,2020,1.307,10.74
China,CHN,1950,5.813,1.79
China,CHN,1955,6.263,2.18
China,CHN,1960,4.451,2.8
China,CHN,1965,6.605,3.4
China,CHN,1970,6.085,4.16
China,CHN,1975,3.571,4.83
China,CHN,1980,2.739,5.74
China,CHN,1985,2.633,6.16
China,CHN,1990,2.514,6.45
China,CHN,1995,1.588,7.17
China,CHN,2000,1.628,7.79
China,CHN,2005,1.624,8.02
China,CHN,2010,1.687,8.25
China,CHN,2015,1.67,8.51
China,CHN,2020,1.236,8.99
Colombia,COL,1950,6.41,2.38
Colombia,COL,1955,6.625,2.73
Colombia,COL,1960,6.735,3.1
Colombia,COL,1965,6.333,3.47
Colombia,COL,1970,5.276,3.98
Colombia,COL,1975,4.398,4.43
Colombia,COL,1980,3.798,4.99
Colombia,COL,1985,3.225,5.63
Colombia,COL,1990,2.995,6.16
Colombia,COL,1995,2.85,6.68
Colombia,COL,2000,2.574,7.12
Colombia,COL,2005,2.309,7.56
Colombia,COL,2010,2.01,9.35
Colombia,COL,2015,1.771,9.78
Colombia,COL,2020,1.694,10.2
Congo,COG,2015,4.607,6.47
Congo,COG,2020,4.329,6.74
Costa Rica,CRI,1950,6.317,3.6
Costa Rica,CRI,1955,6.571,3.82
Costa Rica,CRI,1960,6.712,3.96
Costa Rica,CRI,1965,5.96,4.22
Costa Rica,CRI,1970,4.585,4.03
Costa Rica,CRI,1975,3.804,5.3
Costa Rica,CRI,1980,3.583,6.26
Costa Rica,CRI,1985,3.511,6.88
Costa Rica,CRI,1990,3.167,7.28
Costa Rica,CRI,1995,2.779,7.61
Costa Rica,CRI,2000,2.413,7.96
Costa Rica,CRI,2005,2.038,8.52
Costa Rica,CRI,2010,1.827,8.43
Costa Rica,CRI,2015,1.797,8.77
Costa Rica,CRI,2020,1.448,9.12
Cote d'Ivoire,CIV,1950,7.61,0.86
Cote d'Ivoire,CIV,1955,7.597,0.91
Cote d'Ivoire,CIV,1960,7.691,0.99
Cote d'Ivoire,CIV,1965,7.841,1.09
Cote d'Ivoire,CIV,1970,7.936,1.33
Cote d'Ivoire,CIV,1975,7.91,1.76
Cote d'Ivoire,CIV,1980,7.586,2.13
Cote d'Ivoire,CIV,1985,7.273,2.46
Cote d'Ivoire,CIV,1990,6.719,2.79
Cote d'Ivoire,CIV,1995,6.038,3.46
Cote d'Ivoire,CIV,2000,5.773,4.06
Cote d'Ivoire,CIV,2005,5.499,4.52
Cote d'Ivoire,CIV,2010,5.292,4.93
Cote d'Ivoire,CIV,2015,4.97,5.4
Cote d'Ivoire,CIV,2020,4.461,6.05
Croatia,HRV,2015,1.403,11.8
Croatia,HRV,2020,1.484,12.03
Cuba,CUB,1950,4.032,3.58
Cuba,CUB,1955,3.902,3.66
Cuba,CUB,1960,4.129,4.08
Cuba,CUB,1965,4.504,4.55
Cuba,CUB,1970,3.981,5.41
Cuba,CUB,1975,2.824,6.48
Cuba,CUB,1980,1.637,7.82
Cuba,CUB,1985,1.772,8.64
Cuba,CUB,1990,1.806,9.21
Cuba,CUB,1995,1.481,9.58
Cuba,CUB,2000,1.608,9.88
Cuba,CUB,2005,1.486,10.36
Cuba,CUB,2010,1.673,11.06
Cuba,CUB,2015,1.685,11.12
Cuba,CUB,2020,1.489,11.61
Cyprus,CYP,1950,3.871,3.8
Cyprus,CYP,1955,3.441,4.49
Cyprus,CYP,1960,3.393,5.38
Cyprus,CYP,1965,3.47,5.9
Cyprus,CYP,1970,3.065,6.36
Cyprus,CYP,1975,2.107,7.02
Cyprus,CYP,1980,2.298,7.89
Cyprus,CYP,1985,2.432,8.94
Cyprus,CYP,1990,2.402,9.85
Cyprus,CYP,1995,2.032,10.28
Cyprus,CYP,2000,1.638,10.82
Cyprus,CYP,2005,1.479,10.19
Cyprus,CYP,2010,1.434,11.76
Cyprus,CYP,2015,1.323,12.1
Cyprus,CYP,2020,1.361,12.42
Czechia,CZE,1950,2.818,8.22
Czechia,CZE,1955,2.583,8.37
Czechia,CZE,1960,2.088,8.49
Czechia,CZE,1965,2.187,9.16
Czechia,CZE,1970,1.92,9.88
Czechia,CZE,1975,2.43,10.34
Czechia,CZE,1980,2.076,10.69
Czechia,CZE,1985,1.949,10.91
Czechia,CZE,1990,1.885,11.35
Czechia,CZE,1995,1.275,12.3
Czechia,CZE,2000,1.146,12.78
Czechia,CZE,2005,1.281,12.81
Czechia,CZE,2010,1.509,12.8
Czechia,CZE,2015,1.589,12.93
Czechia,CZE,2020,1.763,12.93
Democratic Republic of Congo,COD,1950,5.966,0.62
Democratic Republic of Congo,COD,1955,5.982,0.72
Democratic Republic of Congo,COD,1960,6.105,0.88
Democratic Republic of Congo,COD,1965,6.21,1.06
Democratic Republic of Congo,COD,1970,6.329,1.3
Democratic Republic of Congo,COD,1975,6.419,1.63
Democratic Republic of Congo,COD,1980,6.495,2.15
Democratic Republic of Congo,COD,1985,6.612,2.86
Democratic Republic of Congo,COD,1990,6.649,3.31
Democratic Republic of Congo,COD,1995,6.676,3.52
Democratic Republic of Congo,COD,2000,6.702,3.51
Democratic Republic of Congo,COD,2005,6.526,3.63
Democratic Republic of Congo,COD,2010,6.587,3.79
Democratic Republic of Congo,COD,2015,6.437,4.3
Democratic Republic of Congo,COD,2020,6.206,4.85
Denmark,DNK,1920,3.264,3.64
Denmark,DNK,1925,2.639,3.93
Denmark,DNK,1930,2.286,4.26
Denmark,DNK,1935,2.113,4.59
Denmark,DNK,1940,2.21,4.89
Denmark,DNK,1945,2.967,5.34
Denmark,DNK,1950,2.572,5.63
Denmark,DNK,1955,2.589,4.78
Denmark,DNK,1960,2.561,5.3
Denmark,DNK,1965,2.608,6.06
Denmark,DNK,1970,1.956,7.19
Denmark,DNK,1975,1.908,8.01
Denmark,DNK,1980,1.54,8.85
Denmark,DNK,1985,1.443,9.59
Denmark,DNK,1990,1.664,10.48
Denmark,DNK,1995,1.801,11.04
Denmark,DNK,2000,1.765,11.5
Denmark,DNK,2005,1.798,11.81
Denmark,DNK,2010,1.858,11.97
Denmark,DNK,2015,1.712,11.67
Denmark,DNK,2020,1.678,11.69
Dominican Republic,DOM,1950,7.507,2.53
Dominican Republic,DOM,1955,7.672,2.58
Dominican Republic,DOM,1960,7.555,2.78
Dominican Republic,DOM,1965,7.053,3.15
Dominican Republic,DOM,1970,6.184,3.74
Dominican Republic,DOM,1975,5.235,4.3
Dominican Republic,DOM,1980,4.302,4.98
Dominican Republic,DOM,1985,3.686,5.58
Dominican Republic,DOM,1990,3.411,6.13
Dominican Republic,DOM,1995,3.101,6.58
Dominican Republic,DOM,2000,2.869,7.03
Dominican Republic,DOM,2005,2.574,7.54
Dominican Republic,DOM,2010,2.556,8.12
Dominican Republic,DOM,2015,2.43,8.48
Dominican Republic,DOM,2020,2.329,9.04
Ecuador,ECU,1950,6.725,2.62
Ecuador,ECU,1955,6.767,2.93
Ecuador,ECU,1960,6.721,3.29
Ecuador,ECU,1965,6.564,4.0
Ecuador,ECU,1970,6.138,4.55
Ecuador,ECU,1975,5.426,5.07
Ecuador,ECU,1980,4.73,6.35
Ecuador,ECU,1985,4.145,6.76
Ecuador,ECU,1990,3.68,7.23
Ecuador,ECU,1995,3.381,7.32
Ecuador,ECU,2000,3.102,7.41
Ecuador,ECU,2005,2.8,7.7
Ecuador,ECU,2010,2.615,8.02
Ecuador,ECU,2015,2.209,8.54
Ecuador,ECU,2020,1.967,9.07
Egypt,EGY,1950,7.058,0.54
Egypt,EGY,1955,7.015,0.7
Egypt,EGY,1960,6.793,0.85
Egypt,EGY,1965,6.387,1.11
Egypt,EGY,1970,6.059,1.41
Egypt,EGY,1975,5.749,1.82
Egypt,EGY,1980,5.494,2.8
Egypt,EGY,1985,5.116,3.92
Egypt,EGY,1990,4.512,4.6
Egypt,EGY,1995,3.764,5.36
Egypt,EGY,2000,3.505,6.3
Egypt,EGY,2005,3.254,6.93
Egypt,EGY,2010,3.296,7.44
Egypt,EGY,2015,3.5,7.53
Egypt,EGY,2020,2.85,8.01
El Salvador,SLV,1950,6.296,1.55
El Salvador,SLV,1955,6.475,1.7
El Salvador,SLV,1960,6.618,1.98
El Salvador,SLV,1965,6.636,2.41
El Salvador,SLV,1970,6.178,2.9
El Salvador,SLV,1975,5.705,3.37
El Salvador,SLV,1980,5.107,3.74
El Salvador,SLV,1985,4.316,4.57
El Salvador,SLV,1990,3.964,5.08
El Salvador,SLV,1995,3.568,5.8
El Salvador,SLV,2000,3.076,7.04
El Salvador,SLV,2005,2.44,8.08
El Salvador,SLV,2010,2.239,8.06
El Salvador,SLV,2015,2.067,7.67
El Salvador,SLV,2020,1.819,8.1
Estonia,EST,2015,1.58,12.33
Estonia,EST,2020,1.588,12.29
Eswatini,SWZ,1950,6.732,1.27
Eswatini,SWZ,1955,6.682,1.55
Eswatini,SWZ,1960,6.752,1.81
Eswatini,SWZ,1965,6.794,2.16
Eswatini,SWZ,1970,6.749,3.0
Eswatini,SWZ,1975,6.707,3.96
Eswatini,SWZ,1980,6.574,4.6
Eswatini,SWZ,1985,6.282,5.26
Eswatini,SWZ,1990,5.295,5.28
Eswatini,SWZ,1995,4.523,5.2
Eswatini,SWZ,2000,4.03,4.62
Eswatini,SWZ,2005,3.704,4.64
Eswatini,SWZ,2010,3.375,5.33
Eswatini,SWZ,2015,3.122,5.77
Eswatini,SWZ,2020,2.888,6.46
Fiji,FJI,1950,6.518,3.77
Fiji,FJI,1955,6.568,4.24
Fiji,FJI,1960,6.364,4.57
Fiji,FJI,1965,5.763,5.24
Fiji,FJI,1970,4.708,5.67
Fiji,FJI,1975,4.104,6.4
Fiji,FJI,1980,4.038,7.16
Fiji,FJI,1985,3.663,7.85
Fiji,FJI,1990,3.386,9.24
Fiji,FJI,1995,3.251,10.28
Fiji,FJI,2000,2.992,9.97
Fiji,FJI,2005,2.917,9.76
Fiji,FJI,2010,2.696,10.35
Fiji,FJI,2015,2.567,11.09
Fiji,FJI,2020,2.357,11.52
Finland,FIN,1940,2.147,3.52
Finland,FIN,1945,3.08,3.68
Finland,FIN,1950,3.153,3.91
Finland,FIN,1955,2.93,4.06
Finland,FIN,1960,2.719,4.25
Finland,FIN,1965,2.475,4.97
Finland,FIN,1970,1.822,5.99
Finland,FIN,1975,1.678,7.11
Finland,FIN,1980,1.63,8.04
Finland,FIN,1985,1.64,8.01
Finland,FIN,1990,1.776,8.56
Finland,FIN,1995,1.805,9.31
Finland,FIN,2000,1.726,9.9
Finland,FIN,2005,1.801,10.42
Finland,FIN,2010,1.863,10.71
Finland,FIN,2015,1.645,10.94
Finland,FIN,2020,1.374,11.05
France,FRA,1950,2.965,4.42
France,FRA,1955,2.699,4.56
France,FRA,1960,2.735,4.32
France,FRA,1965,2.826,4.78
France,FRA,1970,2.481,5.46
France,FRA,1975,1.935,6.05
France,FRA,1980,1.951,6.37
France,FRA,1985,1.816,7.37
France,FRA,1990,1.782,8.32
France,FRA,1995,1.718,9.36
France,FRA,2000,1.876,10.22
France,FRA,2005,1.916,10.86
France,FRA,2010,2.017,11.34
France,FRA,2015,1.927,11.6
France,FRA,2020,1.785,11.89
Gabon,GAB,2015,3.921,9.53
Gabon,GAB,2020,3.831,10.18
Gambia,GMB,1950,6.353,0.41
Gambia,GMB,1955,6.334,0.44
Gambia,GMB,1960,6.246,0.48
Gambia,GMB,1965,6.192,0.54
Gambia,GMB,1970,6.257,0.58
Gambia,GMB,1975,6.428,0.75
Gambia,GMB,1980,6.414,1.0
Gambia,GMB,1985,6.357,1.32
Gambia,GMB,1990,6.246,1.85
Gambia,GMB,1995,5.994,2.33
Gambia,GMB,2000,5.716,2.77
Gambia,GMB,2005,5.708,3.39
Gambia,GMB,2010,5.558,3.92
Gambia,GMB,2015,5.003,4.42
Gambia,GMB,2020,4.248,4.92
Germany,DEU,1950,2.194,7.21
Germany,DEU,1955,2.158,7.47
Germany,DEU,1960,2.381,7.54
Germany,DEU,1965,2.487,7.5
Germany,DEU,1970,2.024,7.1
Germany,DEU,1975,1.477,7.17
Germany,DEU,1980,1.556,7.36
Germany,DEU,1985,1.378,7.73
Germany,DEU,1990,1.46,8.96
Germany,DEU,1995,1.262,9.93
Germany,DEU,2000,1.386,10.59
Germany,DEU,2005,1.344,11.98
Germany,DEU,2010,1.4,12.58
Germany,DEU,2015,1.501,12.86
Germany,DEU,2020,1.531,13.1
Ghana,GHA,1950,6.7,0.7
Ghana,GHA,1955,6.818,0.83
Ghana,GHA,1960,6.89,1.1
Ghana,GHA,1965,6.88,2.03
Ghana,GHA,1970,6.952,3.35
Ghana,GHA,1975,6.762,4.23
Ghana,GHA,1980,6.474,4.93
Ghana,GHA,1985,6.119,5.63
Ghana,GHA,1990,5.737,6.05
Ghana,GHA,1995,5.106,6.27
Ghana,GHA,2000,4.827,6.67
Ghana,GHA,2005,4.496,7.28
Ghana,GHA,2010,4.181,7.66
Ghana,GHA,2015,3.982,7.72
Ghana,GHA,2020,3.541,8.39
Greece,GRC,1950,2.574,4.39
Greece,GRC,1955,2.42,5.79
Greece,GRC,1960,2.294,7.78
Greece,GRC,1965,2.334,6.68
Greece,GRC,1970,2.435,6.84
Greece,GRC,1975,2.419,7.15
Greece,GRC,1980,2.297,7.58
Greece,GRC,1985,1.744,8.37
Greece,GRC,1990,1.466,9.34
Greece,GRC,1995,1.385,9.54
Greece,GRC,2000,1.331,9.9
Greece,GRC,2005,1.358,10.95
Greece,GRC,2010,1.485,11.36
Greece,GRC,2015,1.328,11.6
Greece,GRC,2020,1.386,11.86
Guatemala,GTM,1950,6.804,1.32
Guatemala,GTM,1955,6.95,1.35
Guatemala,GTM,1960,6.999,1.41
Guatemala,GTM,1965,6.839,1.51
Guatemala,GTM,1970,6.6,1.78
Guatemala,GTM,1975,6.41,2.11
Guatemala,GTM,1980,6.171,2.94
Guatemala,GTM,1985,5.729,3.27
Guatemala,GTM,1990,5.48,3.66
Guatemala,GTM,1995,5.105,3.96
Guatemala,GTM,2000,4.583,4.35
Guatemala,GTM,2005,3.974,4.33
Guatemala,GTM,2010,3.375,5.21
Guatemala,GTM,2015,3.029,5.72
Guatemala,GTM,2020,2.47,6.26
Guyana,GUY,1950,5.834,4.36
Guyana,GUY,1955,6.218,4.6
Guyana,GUY,1960,6.331,4.91
Guyana,GUY,1965,6.135,5.35
Guyana,GUY,1970,5.411,5.76
Guyana,GUY,1975,4.45,6.16
Guyana,GUY,1980,3.77,6.65
Guyana,GUY,1985,3.47,7.04
Guyana,GUY,1990,3.181,7.27
Guyana,GUY,1995,3.238,7.92
Guyana,GUY,2000,3.057,8.43
Guyana,GUY,2005,2.648,8.79
Guyana,GUY,2010,2.684,9.0
Guyana,GUY,2015,2.667,8.32
Guyana,GUY,2020,2.491,8.52
Haiti,HTI,1950,6.251,0.6
Haiti,HTI,1955,6.23,0.68
Haiti,HTI,1960,6.178,0.83
Haiti,HTI,1965,6.129,0.99
Haiti,HTI,1970,5.911,1.22
Haiti,HTI,1975,5.748,1.56
Haiti,HTI,1980,5.557,2.07
Haiti,HTI,1985,5.495,3.05
Haiti,HTI,1990,5.414,3.56
Haiti,HTI,1995,4.884,4.06
Haiti,HTI,2000,4.39,4.44
Haiti,HTI,2005,3.835,4.9
Haiti,HTI,2010,3.497,5.17
Haiti,HTI,2015,3.11,5.5
Haiti,HTI,2020,2.804,5.95
Honduras,HND,1950,7.469,1.65
Honduras,HND,1955,7.513,1.75
Honduras,HND,1960,7.458,1.93
Honduras,HND,1965,7.442,2.13
Honduras,HND,1970,7.172,2.38
Honduras,HND,1975,6.866,2.73
Honduras,HND,1980,6.418,3.74
Honduras,HND,1985,5.816,4.65
Honduras,HND,1990,5.271,5.07
Honduras,HND,1995,4.835,5.47
Honduras,HND,2000,4.289,5.87
Honduras,HND,2005,3.577,6.24
Honduras,HND,2010,3.078,6.6
Honduras,HND,2015,2.746,7.04
Honduras,HND,2020,2.577,7.51
Hong Kong,HKG,1950,4.255,4.46
Hong Kong,HKG,1955,4.55,4.76
Hong Kong,HKG,1960,5.085,5.05
Hong Kong,HKG,1965,4.923,5.93
Hong Kong,HKG,1970,3.386,6.58
Hong Kong,HKG,1975,2.627,7.26
Hong Kong,HKG,1980,2.061,8.42
Hong Kong,HKG,1985,1.504,9.24
Hong Kong,HKG,1990,1.283,10.08
Hong Kong,HKG,1995,1.304,10.21
Hong Kong,HKG,2000,1.027,10.37
Hong Kong,HKG,2005,0.957,12.17
Hong Kong,HKG,2010,1.12,12.2
Hong Kong,HKG,2015,1.227,12.32
Hong Kong,HKG,2020,0.892,12.83
Hungary,HUN,1950,2.615,7.2
Hungary,HUN,1955,2.817,7.36
Hungary,HUN,1960,2.021,7.53
Hungary,HUN,1965,1.82,7.75
Hungary,HUN,1970,1.98,8.27
Hungary,HUN,1975,2.363,8.85
Hungary,HUN,1980,1.92,9.39
Hungary,HUN,1985,1.847,9.31
Hungary,HUN,1990,1.857,9.48
Hungary,HUN,1995,1.568,10.75
Hungary,HUN,2000,1.32,11.57
Hungary,HUN,2005,1.312,11.89
Hungary,HUN,2010,1.257,11.98
Hungary,HUN,2015,1.446,11.83
Hungary,HUN,2020,1.576,11.96
Iceland,ISL,1950,3.854,5.8
Iceland,ISL,1955,4.036,5.99
Iceland,ISL,1960,4.259,6.29
Iceland,ISL,1965,3.72,6.73
Iceland,ISL,1970,2.815,7.24
Iceland,ISL,1975,2.64,7.71
Iceland,ISL,1980,2.478,8.2
Iceland,ISL,1985,1.942,8.71
Iceland,ISL,1990,2.302,9.23
Iceland,ISL,1995,2.083,9.7
Iceland,ISL,2000,2.071,10.17
Iceland,ISL,2005,2.046,10.83
Iceland,ISL,2010,2.192,11.52
Iceland,ISL,2015,1.809,12.95
Iceland,ISL,2020,1.718,13.53
India,IND,1950,5.732,1.02
India,IND,1955,5.911,1.08
India,IND,1960,5.921,1.16
India,IND,1965,5.941,1.33
India,IND,1970,5.624,1.65
India,IND,1975,5.195,2.09
India,IND,1980,4.775,2.46
India,IND,1985,4.432,3.03
India,IND,1990,4.045,3.56
India,IND,1995,3.651,4.3
India,IND,2000,3.35,5.3
India,IND,2005,2.958,5.94
India,IND,2010,2.598,6.59
India,IND,2015,2.289,7.31
India,IND,2020,2.047,7.8
Indonesia,IDN,1950,5.109,1.14
Indonesia,IDN,1955,5.362,1.31
Indonesia,IDN,1960,5.505,1.67
Indonesia,IDN,1965,5.593,2.28
Indonesia,IDN,1970,5.488,2.98
Indonesia,IDN,1975,5.032,3.37
Indonesia,IDN,1980,4.495,3.85
Indonesia,IDN,1985,3.725,4.05
Indonesia,IDN,1990,3.114,4.44
Indonesia,IDN,1995,2.809,4.89
Indonesia,IDN,2000,2.503,5.41
Indonesia,IDN,2005,2.452,6.68
Indonesia,IDN,2010,2.462,8.02
Indonesia,IDN,2015,2.346,8.5
Indonesia,IDN,2020,2.189,9.06
Iran,IRN,1950,6.97,0.6
Iran,IRN,1955,7.151,0.72
Iran,IRN,1960,7.519,0.99
Iran,IRN,1965,7.222,1.5
Iran,IRN,1970,6.798,2.17
Iran,IRN,1975,5.947,2.87
Iran,IRN,1980,6.63,3.84
Iran,IRN,1985,6.242,4.66
Iran,IRN,1990,4.934,5.49
Iran,IRN,1995,2.852,6.69
Iran,IRN,2000,1.999,7.66
Iran,IRN,2005,1.756,8.49
Iran,IRN,2010,1.749,9.15
Iran,IRN,2015,2.017,9.37
Iran,IRN,2020,1.7,9.8
Iraq,IRQ,1950,6.2,0.25
Iraq,IRQ,1955,6.0,0.35
Iraq,IRQ,1960,5.3,0.53
Iraq,IRQ,1965,7.02,0.9
Iraq,IRQ,1970,7.071,1.53
Iraq,IRQ,1975,6.913,2.11
Iraq,IRQ,1980,6.593,2.92
Iraq,IRQ,1985,6.246,3.98
Iraq,IRQ,1990,5.929,4.9
Iraq,IRQ,1995,5.36,5.44
Iraq,IRQ,2000,4.92,6.23
Iraq,IRQ,2005,4.446,6.6
Iraq,IRQ,2010,4.457,7.43
Iraq,IRQ,2015,4.08,7.76
Iraq,IRQ,2020,3.419,8.27
Ireland,IRL,1950,3.497,6.42
Ireland,IRL,1955,3.366,6.72
Ireland,IRL,1960,3.755,6.98
Ireland,IRL,1965,4.04,7.4
Ireland,IRL,1970,3.85,8.05
Ireland,IRL,1975,3.372,8.79
Ireland,IRL,1980,3.205,9.69
Ireland,IRL,1985,2.492,10.37
Ireland,IRL,1990,2.11,10.64
Ireland,IRL,1995,1.843,10.8
Ireland,IRL,2000,1.893,11.03
Ireland,IRL,2005,1.865,11.8
Ireland,IRL,2010,2.056,12.45
Ireland,IRL,2015,1.861,13.57
Ireland,IRL,2020,1.653,13.74
Israel,ISR,2015,3.093,12.04
Israel,ISR,2020,2.937,12.04
Italy,ITA,1950,2.523,4.4
Italy,ITA,1955,2.343,4.71
Italy,ITA,1960,2.384,5.07
Italy,ITA,1965,2.617,5.43
Italy,ITA,1970,2.396,5.87
Italy,ITA,1975,2.177,6.45
Italy,ITA,1980,1.647,7.09
Italy,ITA,1985,1.416,7.63
Italy,ITA,1990,1.331,8.32
Italy,ITA,1995,1.188,9.04
Italy,ITA,2000,1.249,9.73
Italy,ITA,2005,1.332,10.2
Italy,ITA,2010,1.443,10.71
Italy,ITA,2015,1.344,11.11
Italy,ITA,2020,1.242,11.51
Jamaica,JAM,1950,3.923,3.64
Jamaica,JAM,1955,4.524,3.74
Jamaica,JAM,1960,5.538,3.93
Jamaica,JAM,1965,5.719,4.48
Jamaica,JAM,1970,5.349,4.96
Jamaica,JAM,1975,4.436,5.54
Jamaica,JAM,1980,3.588,6.27
Jamaica,JAM,1985,3.212,6.86
Jamaica,JAM,1990,2.955,7.48
Jamaica,JAM,1995,2.851,8.55
Jamaica,JAM,2000,2.345,9.59
Jamaica,JAM,2005,2.148,10.09
Jamaica,JAM,2010,1.799,10.33
Jamaica,JAM,2015,1.508,9.81
Jamaica,JAM,2020,1.383,10.1
Japan,JPN,1950,3.615,6.86
Japan,JPN,1955,2.349,7.4
Japan,JPN,1960,1.981,7.77
Japan,JPN,1965,2.089,7.8
Japan,JPN,1970,2.035,8.25
Japan,JPN,1975,1.921,8.85
Japan,JPN,1980,1.739,9.6
Japan,JPN,1985,1.736,10.12
Japan,JPN,1990,1.509,10.71
Japan,JPN,1995,1.407,11.26
Japan,JPN,2000,1.346,11.77
Japan,JPN,2005,1.245,12.12
Japan,JPN,2010,1.357,12.44
Japan,JPN,2015,1.415,12.6
Japan,JPN,2020,1.304,12.83
Jordan,JOR,1950,7.444,1.41
Jordan,JOR,1955,7.42,1.84
Jordan,JOR,1960,7.599,2.54
Jordan,JOR,1965,7.932,3.15
Jordan,JOR,1970,8.181,3.64
Jordan,JOR,1975,7.925,4.2
Jordan,JOR,1980,7.287,4.87
Jordan,JOR,1985,6.534,6.04
Jordan,JOR,1990,5.544,7.02
Jordan,JOR,1995,4.676,7.89
Jordan,JOR,2000,3.864,8.72
Jordan,JOR,2005,3.653,9.42
Jordan,JOR,2010,3.78,9.92
Jordan,JOR,2015,3.141,10.5
Jordan,JOR,2020,2.791,10.81
Kazakhstan,KAZ,2015,2.755,11.69
Kazakhstan,KAZ,2020,3.13,11.79
Kenya,KEN,1950,7.389,1.2
Kenya,KEN,1955,7.46,1.35
Kenya,KEN,1960,7.651,1.56
Kenya,KEN,1965,7.923,1.77
Kenya,KEN,1970,7.943,2.28
Kenya,KEN,1975,7.795,2.82
Kenya,KEN,1980,7.531,3.61
Kenya,KEN,1985,6.96,4.33
Kenya,KEN,1990,6.135,5.05
Kenya,KEN,1995,5.372,5.5
Kenya,KEN,2000,5.136,5.91
Kenya,KEN,2005,4.801,6.48
Kenya,KEN,2010,4.446,6.47
Kenya,KEN,2015,3.766,6.28
Kenya,KEN,2020,3.364,6.73
Kuwait,KWT,1950,7.115,1.6
Kuwait,KWT,1955,7.14,1.96
Kuwait,KWT,1960,7.223,2.51
Kuwait,KWT,1965,7.314,2.96
Kuwait,KWT,1970,7.025,3.35
Kuwait,KWT,1975,6.059,3.58
Kuwait,KWT,1980,5.184,4.67
Kuwait,KWT,1985,4.218,5.55
Kuwait,KWT,1990,3.487,5.92
Kuwait,KWT,1995,3.248,6.15
Kuwait,KWT,2000,2.887,6.12
Kuwait,KWT,2005,2.731,6.14
Kuwait,KWT,2010,2.044,6.39
Kuwait,KWT,2015,2.03,6.49
Kuwait,KWT,2020,2.099,6.62
Kyrgyzstan,KGZ,2015,3.208,11.05
Kyrgyzstan,KGZ,2020,3.05,11.18
Laos,LAO,2015,2.796,5.47
Laos,LAO,2020,2.535,6.05
Latvia,LVA,2015,1.706,11.79
Latvia,LVA,2020,1.546,11.96
Lesotho,LSO,1950,5.701,2.6
Lesotho,LSO,1955,5.786,2.87
Lesotho,LSO,1960,5.784,3.12
Lesotho,LSO,1965,5.772,3.44
Lesotho,LSO,1970,5.698,3.72
Lesotho,LSO,1975,5.825,4.11
Lesotho,LSO,1980,5.746,4.49
Lesotho,LSO,1985,5.401,4.81
Lesotho,LSO,1990,4.813,5.25
Lesotho,LSO,1995,4.125,5.8
Lesotho,LSO,2000,3.605,6.37
Lesotho,LSO,2005,3.428,7.21
Lesotho,LSO,2010,3.25,6.08
Lesotho,LSO,2015,3.217,6.44
Lesotho,LSO,2020,2.846,6.88
Liberia,LBR,1950,6.001,0.58
Liberia,LBR,1955,6.191,0.62
Liberia,LBR,1960,6.391,0.72
Liberia,LBR,1965,6.617,0.94
Liberia,LBR,1970,6.578,1.16
Liberia,LBR,1975,6.744,1.67
Liberia,LBR,1980,6.872,2.23
Liberia,LBR,1985,6.693,2.73
Liberia,LBR,1990,6.37,3.08
Liberia,LBR,1995,6.173,3.17
Liberia,LBR,2000,5.875,3.6
Liberia,LBR,2005,5.519,3.96
Liberia,LBR,2010,5.058,4.35
Liberia,LBR,2015,4.523,5.06
Liberia,LBR,2020,4.174,5.8
Libya,LBY,1950,7.009,0.47
Libya,LBY,1955,7.241,0.59
Libya,LBY,1960,7.509,0.72
Libya,LBY,1965,7.823,1.09
Libya,LBY,1970,8.048,1.66
Libya,LBY,1975,7.977,2.35
Libya,LBY,1980,7.543,3.45
Libya,LBY,1985,6.328,4.55
Libya,LBY,1990,4.776,5.42
Libya,LBY,1995,3.442,6.13
Libya,LBY,2000,2.906,7.04
Libya,LBY,2005,2.765,7.79
Libya,LBY,2010,2.603,8.43
Libya,LBY,2015,2.711,9.05
Libya,LBY,2020,2.507,9.57
Lithuania,LTU,2015,1.705,12.44
Lithuania,LTU,2020,1.487,12.5
Luxembourg,LUX,1950,1.96,3.85
Luxembourg,LUX,1955,2.165,4.65
Luxembourg,LUX,1960,2.28,5.22
Luxembourg,LUX,1965,2.397,6.19
Luxembourg,LUX,1970,1.973,7.27
Luxembourg,LUX,1975,1.561,8.21
Luxembourg,LUX,1980,1.496,8.55
Luxembourg,LUX,1985,1.386,8.83
Luxembourg,LUX,1990,1.602,9.24
Luxembourg,LUX,1995,1.705,9.57
Luxembourg,LUX,2000,1.761,9.92
Luxembourg,LUX,2005,1.631,10.59
Luxembourg,LUX,2010,1.622,11.33
Luxembourg,LUX,2015,1.464,11.41
Luxembourg,LUX,2020,1.361,11.53
Macao,MAC,2015,1.142,10.56
Macao,MAC,2020,0.857,10.97
Malawi,MWI,1950,6.824,0.98
Malawi,MWI,1955,6.843,1.06
Malawi,MWI,1960,7.042,1.12
Malawi,MWI,1965,7.126,1.3
Malawi,MWI,1970,7.295,1.63
Malawi,MWI,1975,7.359,1.96
Malawi,MWI,1980,7.518,2.5
Malawi,MWI,1985,7.17,2.96
Malawi,MWI,1990,6.74,3.14
Malawi,MWI,1995,6.392,3.3
Malawi,MWI,2000,6.002,3.73
Malawi,MWI,2005,5.848,4.67
Malawi,MWI,2010,5.263,5.01
Malawi,MWI,2015,4.384,4.86
Malawi,MWI,2020,3.877,5.41
Malaysia,MYS,1950,6.429,2.21
Malaysia,MYS,1955,6.452,2.5
Malaysia,MYS,1960,6.412,2.99
Malaysia,MYS,1965,5.836,3.54
Malaysia,MYS,1970,5.035,4.41
Malaysia,MYS,1975,4.501,5.06
Malaysia,MYS,1980,4.035,6.06
Malaysia,MYS,1985,3.804,7.03
Malaysia,MYS,1990,3.304,8.01
Malaysia,MYS,1995,3.317,8.66
Malaysia,MYS,2000,2.942,9.49
Malaysia,MYS,2005,2.391,10.16
Malaysia,MYS,2010,2.144,10.89
Malaysia,MYS,2015,2.008,11.49
Malaysia,MYS,2020,1.68,11.96
Maldives,MDV,2015,2.004,7.57
Maldives,MDV,2020,1.613,8.06
Mali,MLI,1950,6.873,0.16
Mali,MLI,1955,6.95,0.18
Mali,MLI,1960,7.019,0.2
Mali,MLI,1965,7.081,0.26
Mali,MLI,1970,7.181,0.31
Mali,MLI,1975,7.253,0.46
Mali,MLI,1980,7.365,0.65
Mali,MLI,1985,7.261,0.83
Mali,MLI,1990,7.311,0.95
Mali,MLI,1995,7.052,1.07
Mali,MLI,2000,6.886,1.3
Mali,MLI,2005,6.708,1.81
Mali,MLI,2010,6.579,2.14
Mali,MLI,2015,6.385,2.78
Mali,MLI,2020,5.85,3.55
Malta,MLT,1950,4.226,3.32
Malta,MLT,1955,4.014,3.89
Malta,MLT,1960,3.626,4.49
Malta,MLT,1965,2.437,5.1
Malta,MLT,1970,2.072,6.06
Malta,MLT,1975,2.152,6.84
Malta,MLT,1980,1.993,7.51
Malta,MLT,1985,1.948,8.38
Malta,MLT,1990,2.041,9.19
Malta,MLT,1995,1.791,10.06
Malta,MLT,2000,1.672,10.43
Malta,MLT,2005,1.377,10.6
Malta,MLT,2010,1.375,11.06
Malta,MLT,2015,1.376,11.53
Malta,MLT,2020,1.132,12.09
Mauritania,MRT,2015,5.211,5.1
Mauritania,MRT,2020,4.912,5.55
Mauritius,MUS,1950,6.027,2.51
Mauritius,MUS,1955,5.832,2.93
Mauritius,MUS,1960,5.897,3.6
Mauritius,MUS,1965,5.508,4.3
Mauritius,MUS,1970,3.82,4.98
Mauritius,MUS,1975,3.197,5.18
Mauritius,MUS,1980,2.803,5.52
Mauritius,MUS,1985,2.054,6.09
Mauritius,MUS,1990,2.296,6.85
Mauritius,MUS,1995,2.138,7.07
Mauritius,MUS,2000,1.976,7.07
Mauritius,MUS,2005,1.824,8.16
Mauritius,MUS,2010,1.495,9.44
Mauritius,MUS,2015,1.319,9.9
Mauritius,MUS,2020,1.387,10.4
Mexico,MEX,1950,6.709,2.2
Mexico,MEX,1955,6.73,2.36
Mexico,MEX,1960,6.763,2.55
Mexico,MEX,1965,6.819,3.02
Mexico,MEX,1970,6.529,3.48
Mexico,MEX,1975,5.739,4.19
Mexico,MEX,1980,4.739,5.01
Mexico,MEX,1985,4.087,5.9
Mexico,MEX,1990,3.444,6.68
Mexico,MEX,1995,3.044,7.37
Mexico,MEX,2000,2.714,7.96
Mexico,MEX,2005,2.495,8.9
Mexico,MEX,2010,2.34,9.18
Mexico,MEX,2015,2.137,9.65
Mexico,MEX,2020,1.99,10.18
Moldova,MDA,2015,1.87,10.8
Moldova,MDA,2020,1.77,10.84
Mongolia,MNG,2015,3.01,9.77
Mongolia,MNG,2020,2.949,10.0
Morocco,MAR,1950,6.14,0.3
Morocco,MAR,1955,6.501,0.39
Morocco,MAR,1960,6.887,0.51
Morocco,MAR,1965,6.932,0.75
Morocco,MAR,1970,6.682,1.05
Morocco,MAR,1975,6.299,1.43
Morocco,MAR,1980,5.784,1.88
Morocco,MAR,1985,4.988,2.45
Morocco,MAR,1990,4.06,3.05
Morocco,MAR,1995,3.295,3.64
Morocco,MAR,2000,2.774,4.09
Morocco,MAR,2005,2.613,4.63
Morocco,MAR,2010,2.629,5.27
Morocco,MAR,2015,2.406,6.15
Morocco,MAR,2020,2.32,6.83
Mozambique,MOZ,1950,5.997,0.52
Mozambique,MOZ,1955,6.141,0.7
Mozambique,MOZ,1960,6.312,0.88
Mozambique,MOZ,1965,6.544,1.06
Mozambique,MOZ,1970,6.699,1.06
Mozambique,MOZ,1975,6.659,1.0
Mozambique,MOZ,1980,6.53,1.19
Mozambique,MOZ,1985,6.43,1.25
Mozambique,MOZ,1990,6.319,1.06
Mozambique,MOZ,1995,6.019,0.98
Mozambique,MOZ,2000,5.83,1.13
Mozambique,MOZ,2005,5.5,1.34
Mozambique,MOZ,2010,5.66,2.03
Mozambique,MOZ,2015,5.245,3.31
Mozambique,MOZ,2020,4.959,4.22
Myanmar,MMR,1950,5.943,1.17
Myanmar,MMR,1955,5.914,1.25
Myanmar,MMR,1960,5.901,1.27
Myanmar,MMR,1965,5.912,1.44
Myanmar,MMR,1970,5.682,1.52
Myanmar,MMR,1975,5.249,1.69
Myanmar,MMR,1980,4.789,2.34
Myanmar,MMR,1985,4.316,2.87
Myanmar,MMR,1990,3.504,2.99
Myanmar,MMR,1995,3.127,3.4
Myanmar,MMR,2000,2.813,3.89
Myanmar,MMR,2005,2.515,4.45
Myanmar,MMR,2010,2.335,5.11
Myanmar,MMR,2015,2.266,5.9
Myanmar,MMR,2020,2.179,6.48
Namibia,NAM,2015,3.604,6.64
Namibia,NAM,2020,3.349,6.88
Nepal,NPL,1950,6.057,0.11
Nepal,NPL,1955,6.066,0.12
Nepal,NPL,1960,6.069,0.14
Nepal,NPL,1965,6.007,0.28
Nepal,NPL,1970,5.869,0.52
Nepal,NPL,1975,5.733,0.75
Nepal,NPL,1980,5.603,1.04
Nepal,NPL,1985,5.457,1.86
Nepal,NPL,1990,5.211,2.58
Nepal,NPL,1995,4.869,2.76
Nepal,NPL,2000,3.984,3.13
Nepal,NPL,2005,3.115,3.74
Nepal,NPL,2010,2.541,4.44
Nepal,NPL,2015,2.273,5.44
Nepal,NPL,2020,2.051,6.19
Netherlands,NLD,1950,3.104,6.14
Netherlands,NLD,1955,3.032,6.2
Netherlands,NLD,1960,3.118,6.25
Netherlands,NLD,1965,3.03,7.49
Netherlands,NLD,1970,2.573,8.48
Netherlands,NLD,1975,1.666,9.28
Netherlands,NLD,1980,1.596,9.87
Netherlands,NLD,1985,1.509,10.22
Netherlands,NLD,1990,1.614,10.59
Netherlands,NLD,1995,1.534,10.88
Netherlands,NLD,2000,1.721,11.14
Netherlands,NLD,2005,1.706,11.15
Netherlands,NLD,2010,1.787,11.71
Netherlands,NLD,2015,1.657,11.74
Netherlands,NLD,2020,1.545,11.82
New Zealand,NZL,1950,3.552,9.34
New Zealand,NZL,1955,3.88,9.67
New Zealand,NZL,1960,4.241,10.12
New Zealand,NZL,1965,3.537,10.18
New Zealand,NZL,1970,3.168,11.17
New Zealand,NZL,1975,2.357,12.03
New Zealand,NZL,1980,2.032,11.81
New Zealand,NZL,1985,1.93,11.81
New Zealand,NZL,1990,2.167,11.69
New Zealand,NZL,1995,1.979,11.81
New Zealand,NZL,2000,1.977,11.98
New Zealand,NZL,2005,1.961,12.0
New Zealand,NZL,2010,2.165,11.12
New Zealand,NZL,2015,1.982,10.91
New Zealand,NZL,2020,1.63,10.81
Nicaragua,NIC,1950,7.121,1.54
Nicaragua,NIC,1955,7.123,1.83
Nicaragua,NIC,1960,7.159,2.19
Nicaragua,NIC,1965,7.033,2.61
Nicaragua,NIC,1970,6.773,3.07
Nicaragua,NIC,1975,6.445,3.38
Nicaragua,NIC,1980,5.959,3.84
Nicaragua,NIC,1985,5.359,4.21
Nicaragua,NIC,1990,4.596,4.64
Nicaragua,NIC,1995,3.775,5.19
Nicaragua,NIC,2000,3.12,5.7
Nicaragua,NIC,2005,2.765,6.28
Nicaragua,NIC,2010,2.596,6.82
Nicaragua,NIC,2015,2.434,7.25
Nicaragua,NIC,2020,2.299,7.76
Niger,NER,1950,7.559,0.33
Niger,NER,1955,7.551,0.35
Niger,NER,1960,7.53,0.38
Niger,NER,1965,7.466,0.4
Niger,NER,1970,7.514,0.45
Niger,NER,1975,7.539,0.53
Niger,NER,1980,7.782,0.67
Niger,NER,1985,7.932,0.85
Niger,NER,1990,7.806,1.08
Niger,NER,1995,7.776,1.28
Niger,NER,2000,7.829,1.43
Niger,NER,2005,7.769,1.62
Niger,NER,2010,7.64,1.95
Niger,NER,2015,7.215,2.44
Niger,NER,2020,6.369,3.04
Norway,NOR,1950,2.523,7.43
Norway,NOR,1955,2.758,7.45
Norway,NOR,1960,2.847,7.53
Norway,NOR,1965,2.925,7.96
Norway,NOR,1970,2.512,8.47
Norway,NOR,1975,1.986,8.77
Norway,NOR,1980,1.722,9.32
Norway,NOR,1985,1.675,10.16
Norway,NOR,1990,1.932,10.79
Norway,NOR,1995,1.873,11.31
Norway,NOR,2000,1.854,11.56
Norway,NOR,2005,1.835,11.91
Norway,NOR,2010,1.941,11.65
Norway,NOR,2015,1.728,12.11
Norway,NOR,2020,1.482,12.08
Pakistan,PAK,1950,6.8,1.0
Pakistan,PAK,1955,6.8,1.02
Pakistan,PAK,1960,6.8,1.18
Pakistan,PAK,1965,6.8,1.42
Pakistan,PAK,1970,6.801,1.63
Pakistan,PAK,1975,6.812,1.95
Pakistan,PAK,1980,6.734,2.24
Pakistan,PAK,1985,6.585,2.62
Pakistan,PAK,1990,6.364,3.05
Pakistan,PAK,1995,5.894,3.52
Pakistan,PAK,2000,5.352,4.04
Pakistan,PAK,2005,4.595,5.05
Pakistan,PAK,2010,4.398,5.22
Pakistan,PAK,2015,3.988,5.89
Pakistan,PAK,2020,3.765,6.41
Panama,PAN,1950,5.568,3.87
Panama,PAN,1955,5.734,4.26
Panama,PAN,1960,5.829,4.75
Panama,PAN,1965,5.728,5.01
Panama,PAN,1970,5.175,5.39
Panama,PAN,1975,4.414,6.1
Panama,PAN,1980,3.796,6.89
Panama,PAN,1985,3.427,7.59
Panama,PAN,1990,3.072,8.08
Panama,PAN,1995,2.852,8.71
Panama,PAN,2000,2.744,9.24
Panama,PAN,2005,2.643,9.51
Panama,PAN,2010,2.587,9.72
Panama,PAN,2015,2.53,10.06
Panama,PAN,2020,2.184,10.44
Papua New Guinea,PNG,2015,3.558,4.61
Papua New Guinea,PNG,2020,3.274,4.84
Paraguay,PRY,1950,6.49,2.81
Paraguay,PRY,1955,6.509,3.08
Paraguay,PRY,1960,6.5,3.47
Paraguay,PRY,1965,6.345,3.79
Paraguay,PRY,1970,5.718,4.32
Paraguay,PRY,1975,5.177,4.85
Paraguay,PRY,1980,5.102,5.37
Paraguay,PRY,1985,4.974,5.96
Paraguay,PRY,1990,4.565,6.43
Paraguay,PRY,1995,4.108,6.4
Paraguay,PRY,2000,3.508,6.55
Paraguay,PRY,2005,2.973,8.03
Paraguay,PRY,2010,2.695,7.99
Paraguay,PRY,2015,2.645,8.4
Paraguay,PRY,2020,2.497,8.83
Peru,PER,1950,6.939,2.91
Peru,PER,1955,6.96,3.1
Peru,PER,1960,6.941,3.32
Peru,PER,1965,6.75,3.79
Peru,PER,1970,6.316,4.47
Peru,PER,1975,5.709,5.43
Peru,PER,1980,5.041,6.2
Peru,PER,1985,4.46,6.75
Peru,PER,1990,3.912,7.39
Peru,PER,1995,3.315,8.09
Peru,PER,2000,2.845,9.05
Peru,PER,2005,2.643,9.88
Peru,PER,2010,2.421,9.28
Peru,PER,2015,2.229,9.61
Peru,PER,2020,2.056,9.96
Philippines,PHL,1950,7.129,2.35
Philippines,PHL,1955,7.071,3.36
Philippines,PHL,1960,6.996,3.49
Philippines,PHL,1965,6.799,4.01
Philippines,PHL,1970,6.218,4.83
Philippines,PHL,1975,5.596,5.56
Philippines,PHL,1980,5.108,6.26
Philippines,PHL,1985,4.664,6.64
Philippines,PHL,1990,4.322,7.15
Philippines,PHL,1995,4.067,7.59
Philippines,PHL,2000,3.754,7.96
Philippines,PHL,2005,3.448,8.27
Philippines,PHL,2010,3.315,8.65
Philippines,PHL,2015,2.829,9.14
Philippines,PHL,2020,2.075,9.44
Poland,POL,1950,3.654,5.52
Poland,POL,1955,3.555,5.81
Poland,POL,1960,3.004,6.19
Poland,POL,1965,2.537,6.92
Poland,POL,1970,2.254,7.63
Poland,POL,1975,2.282,8.19
Poland,POL,1980,2.277,8.31
Poland,POL,1985,2.323,8.69
Poland,POL,1990,2.065,9.75
Poland,POL,1995,1.634,10.32
Poland,POL,2000,1.366,10.74
Poland,POL,2005,1.244,11.36
Poland,POL,2010,1.407,11.62
Poland,POL,2015,1.323,11.84
Poland,POL,2020,1.384,12.01
Portugal,PRT,1940,3.203,1.65
Portugal,PRT,1945,3.407,1.84
Portugal,PRT,1950,3.158,2.01
Portugal,PRT,1955,3.133,2.2
Portugal,PRT,1960,3.16,2.46
Portugal,PRT,1965,3.159,2.64
Portugal,PRT,1970,3.008,3.17
Portugal,PRT,1975,2.75,4.27
Portugal,PRT,1980,2.245,5.45
Portugal,PRT,1985,1.729,6.08
Portugal,PRT,1990,1.555,6.73
Portugal,PRT,1995,1.411,7.49
Portugal,PRT,2000,1.538,8.41
Portugal,PRT,2005,1.408,8.12
Portugal,PRT,2010,1.381,8.71
Portugal,PRT,2015,1.302,9.14
Portugal,PRT,2020,1.405,9.56
Qatar,QAT,2015,1.976,8.46
Qatar,QAT,2020,1.675,8.52
Reunion,REU,1950,6.963,2.89
Reunion,REU,1955,6.766,2.77
Reunion,REU,1960,6.105,2.75
Reunion,REU,1965,6.152,2.93
Reunion,REU,1970,4.299,3.64
Reunion,REU,1975,3.647,4.5
Reunion,REU,1980,2.874,5.26
Reunion,REU,1985,2.51,5.9
Reunion,REU,1990,2.571,6.46
Reunion,REU,1995,2.272,6.97
Reunion,REU,2000,2.499,7.42
Reunion,REU,2005,2.486,7.85
Reunion,REU,2010,2.189,8.29
Reunion,REU,2015,2.235,8.5
Reunion,REU,2020,2.146,8.71
Romania,ROU,1950,3.076,4.51
Romania,ROU,1955,3.011,4.89
Romania,ROU,1960,2.318,5.39
Romania,ROU,1965,1.903,5.82
Romania,ROU,1970,2.812,7.05
Romania,ROU,1975,2.595,8.09
Romania,ROU,1980,2.435,8.78
Romania,ROU,1985,2.309,9.33
Romania,ROU,1990,1.837,9.84
Romania,ROU,1995,1.337,10.37
Romania,ROU,2000,1.303,10.7
Romania,ROU,2005,1.394,10.89
Romania,ROU,2010,1.574,11.24
Romania,ROU,2015,1.621,11.07
Romania,ROU,2020,1.726,11.28
Russia,RUS,1950,2.926,4.08
Russia,RUS,1955,2.812,4.58
Russia,RUS,1960,2.633,4.88
Russia,RUS,1965,2.113,5.62
Russia,RUS,1970,2.007,6.39
Russia,RUS,1975,2.002,7.29
Russia,RUS,1980,1.916,8.36
Russia,RUS,1985,2.094,9.37
Russia,RUS,1990,1.91,10.21
Russia,RUS,1995,1.352,10.73
Russia,RUS,2000,1.19,11.54
Russia,RUS,2005,1.299,11.76
Russia,RUS,2010,1.585,12.02
Russia,RUS,2015,1.79,11.56
Russia,RUS,2020,1.505,11.6
Rwanda,RWA,2015,4.108,4.62
Rwanda,RWA,2020,3.913,5.24
Saudi Arabia,SAU,2015,2.63,9.34
Saudi Arabia,SAU,2020,2.27,9.86
Senegal,SEN,1950,6.787,1.87
Senegal,SEN,1955,6.834,1.95
Senegal,SEN,1960,6.996,2.07
Senegal,SEN,1965,7.19,2.11
Senegal,SEN,1970,7.262,2.3
Senegal,SEN,1975,7.252,2.49
Senegal,SEN,1980,7.292,2.52
Senegal,SEN,1985,7.013,2.45
Senegal,SEN,1990,6.396,2.37
Senegal,SEN,1995,5.819,2.26
Senegal,SEN,2000,5.498,1.98
Senegal,SEN,2005,5.133,1.67
Senegal,SEN,2010,5.055,3.11
Senegal,SEN,2015,4.751,3.73
Senegal,SEN,2020,4.003,4.4
Serbia,SRB,1950,2.928,4.59
Serbia,SRB,1955,2.451,4.99
Serbia,SRB,1960,2.155,5.14
Serbia,SRB,1965,2.057,5.45
Serbia,SRB,1970,1.973,6.09
Serbia,SRB,1975,1.923,6.81
Serbia,SRB,1980,1.863,7.42
Serbia,SRB,1985,1.8,7.92
Serbia,SRB,1990,1.649,8.15
Serbia,SRB,1995,1.468,8.88
Serbia,SRB,2000,1.353,9.52
Serbia,SRB,2005,1.336,10.6
Serbia,SRB,2010,1.399,11.52
Serbia,SRB,2015,1.46,11.49
Serbia,SRB,2020,1.485,11.72
Sierra Leone,SLE,1950,6.09,0.41
Sierra Leone,SLE,1955,6.073,0.46
Sierra Leone,SLE,1960,6.175,0.51
Sierra Leone,SLE,1965,6.311,0.68
Sierra Leone,SLE,1970,6.411,0.87
Sierra Leone,SLE,1975,6.546,1.14
Sierra Leone,SLE,1980,6.562,1.44
Sierra Leone,SLE,1985,6.592,1.81
Sierra Leone,SLE,1990,6.567,2.17
Sierra Leone,SLE,1995,6.555,2.55
Sierra Leone,SLE,2000,6.355,2.9
Sierra Leone,SLE,2005,5.807,3.36
Sierra Leone,SLE,2010,5.327,4.28
Sierra Leone,SLE,2015,4.548,4.23
Sierra Leone,SLE,2020,4.08,4.99
Singapore,SGP,2015,0.977,12.54
Singapore,SGP,2020,0.942,13.06
Slovakia,SVK,2015,1.403,13.03
Slovakia,SVK,2020,1.591,13.14
Slovenia,SVN,2015,1.576,11.95
Slovenia,SVN,2020,1.594,12.06
South Africa,ZAF,1950,6.032,4.2
South Africa,ZAF,1955,6.127,4.4
South Africa,ZAF,1960,6.105,4.47
South Africa,ZAF,1965,5.892,4.55
South Africa,ZAF,1970,5.634,4.7
South Africa,ZAF,1975,5.191,4.9
South Africa,ZAF,1980,4.78,5.18
South Africa,ZAF,1985,4.495,5.21
South Africa,ZAF,1990,3.724,6.89
South Africa,ZAF,1995,3.172,8.37
South Africa,ZAF,2000,2.413,7.92
South Africa,ZAF,2005,2.512,8.86
South Africa,ZAF,2010,2.445,9.89
South Africa,ZAF,2015,2.359,10.15
South Africa,ZAF,2020,2.257,10.47
South Korea,KOR,1950,6.063,4.64
South Korea,KOR,1955,6.169,5.22
South Korea,KOR,1960,5.994,4.46
South Korea,KOR,1965,4.887,5.68
South Korea,KOR,1970,4.459,6.59
South Korea,KOR,1975,3.313,7.54
South Korea,KOR,1980,2.734,8.61
South Korea,KOR,1985,1.705,9.52
South Korea,KOR,1990,1.603,10.46
South Korea,KOR,1995,1.646,11.17
South Korea,KOR,2000,1.467,11.8
South Korea,KOR,2005,1.115,12.27
South Korea,KOR,2010,1.226,12.96
South Korea,KOR,2015,1.202,13.33
South Korea,KOR,2020,0.812,13.68
Spain,ESP,1925,3.885,3.2
Spain,ESP,1930,3.695,3.31
Spain,ESP,1935,3.286,3.31
Spain,ESP,1940,3.07,3.42
Spain,ESP,1945,2.889,3.66
Spain,ESP,1950,2.47,3.83
Spain,ESP,1955,2.507,4.04
Spain,ESP,1960,2.808,4.42
Spain,ESP,1965,2.926,4.7
Spain,ESP,1970,2.884,5.33
Spain,ESP,1975,2.773,6.19
Spain,ESP,1980,2.212,7.24
Spain,ESP,1985,1.637,7.24
Spain,ESP,1990,1.358,7.51
Spain,ESP,1995,1.153,8.72
Spain,ESP,2000,1.21,9.65
Spain,ESP,2005,1.329,10.64
Spain,ESP,2010,1.366,10.75
Spain,ESP,2015,1.33,11.24
Spain,ESP,2020,1.186,11.51
Sri Lanka,LKA,1950,5.462,3.55
Sri Lanka,LKA,1955,5.308,3.84
Sri Lanka,LKA,1960,5.352,4.12
Sri Lanka,LKA,1965,4.934,4.49
Sri Lanka,LKA,1970,4.387,6.63
Sri Lanka,LKA,1975,3.816,6.97
Sri Lanka,LKA,1980,3.725,7.22
Sri Lanka,LKA,1985,2.895,7.89
Sri Lanka,LKA,1990,2.541,8.9
Sri Lanka,LKA,1995,2.353,9.83
Sri Lanka,LKA,2000,2.213,10.77
Sri Lanka,LKA,2005,2.263,10.83
Sri Lanka,LKA,2010,2.134,10.67
Sri Lanka,LKA,2015,2.09,10.09
Sri Lanka,LKA,2020,2.007,10.33
Sudan,SDN,1950,6.663,0.35
Sudan,SDN,1955,6.679,0.43
Sudan,SDN,1960,6.663,0.51
Sudan,SDN,1965,6.84,0.63
Sudan,SDN,1970,6.986,0.78
Sudan,SDN,1975,6.866,1.03
Sudan,SDN,1980,6.592,1.42
Sudan,SDN,1985,6.279,1.93
Sudan,SDN,1990,6.074,2.4
Sudan,SDN,1995,5.856,2.78
Sudan,SDN,2000,5.596,3.09
Sudan,SDN,2005,5.397,3.31
Sudan,SDN,2010,5.141,3.49
Sudan,SDN,2015,4.898,3.85
Sudan,SDN,2020,4.542,4.38
Sweden,SWE,1895,4.083,4.21
Sweden,SWE,1900,4.013,4.32
Sweden,SWE,1905,3.796,4.42
Sweden,SWE,1910,3.57,4.5
Sweden,SWE,1915,3.033,4.59
Sweden,SWE,1920,3.198,4.84
Sweden,SWE,1925,2.309,5.06
Sweden,SWE,1930,1.931,5.64
Sweden,SWE,1935,1.676,5.89
Sweden,SWE,1940,1.824,6.16
Sweden,SWE,1945,2.588,6.53
Sweden,SWE,1950,2.286,6.95
Sweden,SWE,1955,2.248,7.28
Sweden,SWE,1960,2.17,7.69
Sweden,SWE,1965,2.401,8.12
Sweden,SWE,1970,1.921,8.65
Sweden,SWE,1975,1.767,9.62
Sweden,SWE,1980,1.672,10.3
Sweden,SWE,1985,1.734,10.65
Sweden,SWE,1990,2.121,11.03
Sweden,SWE,1995,1.73,11.41
Sweden,SWE,2000,1.542,11.72
Sweden,SWE,2005,1.772,11.86
Sweden,SWE,2010,1.973,11.95
Sweden,SWE,2015,1.847,11.89
Sweden,SWE,2020,1.671,11.93
Switzerland,CHE,1935,1.843,7.96
Switzerland,CHE,1940,1.816,8.21
Switzerland,CHE,1945,2.598,8.52
Switzerland,CHE,1950,2.399,8.97
Switzerland,CHE,1955,2.309,9.09
Switzerland,CHE,1960,2.441,9.16
Switzerland,CHE,1965,2.587,9.5
Switzerland,CHE,1970,2.103,9.9
Switzerland,CHE,1975,1.614,10.55
Switzerland,CHE,1980,1.547,11.32
Switzerland,CHE,1985,1.513,10.67
Switzerland,CHE,1990,1.578,10.54
Switzerland,CHE,1995,1.478,10.41
Switzerland,CHE,2000,1.486,10.14
Switzerland,CHE,2005,1.416,10.82
Switzerland,CHE,2010,1.517,12.92
Switzerland,CHE,2015,1.537,12.95
Switzerland,CHE,2020,1.466,12.97
Syria,SYR,1950,7.618,0.92
Syria,SYR,1955,7.634,1.05
Syria,SYR,1960,7.505,1.31
Syria,SYR,1965,7.532,1.63
Syria,SYR,1970,7.621,2.2
Syria,SYR,1975,7.486,2.89
Syria,SYR,1980,7.119,3.55
Syria,SYR,1985,6.484,4.26
Syria,SYR,1990,5.561,4.68
Syria,SYR,1995,4.697,4.77
Syria,SYR,2000,4.068,4.79
Syria,SYR,2005,3.605,6.12
Syria,SYR,2010,3.355,7.07
Syria,SYR,2015,3.067,7.44
Syria,SYR,2020,2.837,7.92
Taiwan,TWN,1950,6.481,3.16
Taiwan,TWN,1955,6.586,3.47
Taiwan,TWN,1960,5.787,3.76
Taiwan,TWN,1965,4.994,4.18
Taiwan,TWN,1970,3.976,5.1
Taiwan,TWN,1975,2.973,6.07
Taiwan,TWN,1980,2.53,7.1
Taiwan,TWN,1985,1.884,7.89
Taiwan,TWN,1990,1.787,8.68
Taiwan,TWN,1995,1.782,9.55
Taiwan,TWN,2000,1.472,10.38
Taiwan,TWN,2005,1.133,11.35
Taiwan,TWN,2010,0.916,11.96
Taiwan,TWN,2015,1.185,12.37
Taiwan,TWN,2020,0.99,12.76
Tajikistan,TJK,2015,3.459,10.16
Tajikistan,TJK,2020,3.211,10.12
Tanzania,TZA,2015,5.025,6.41
Tanzania,TZA,2020,4.801,6.87
Thailand,THA,1950,6.359,2.16
Thailand,THA,1955,6.391,2.44
Thailand,THA,1960,6.325,2.68
Thailand,THA,1965,6.258,2.39
Thailand,THA,1970,5.452,2.74
Thailand,THA,1975,4.364,3.24
Thailand,THA,1980,3.293,3.9
Thailand,THA,1985,2.45,4.45
Thailand,THA,1990,2.065,5.21
Thailand,THA,1995,1.888,5.79
Thailand,THA,2000,1.734,6.09
Thailand,THA,2005,1.644,7.46
Thailand,THA,2010,1.562,8.47
Thailand,THA,2015,1.451,8.71
Thailand,THA,2020,1.259,9.32
Togo,TGO,1950,6.598,0.36
Togo,TGO,1955,6.665,0.43
Togo,TGO,1960,6.797,0.53
Togo,TGO,1965,6.937,0.65
Togo,TGO,1970,7.035,0.92
Togo,TGO,1975,7.088,1.93
Togo,TGO,1980,6.876,2.95
Togo,TGO,1985,6.457,3.65
Togo,TGO,1990,6.067,4.3
Togo,TGO,1995,5.565,4.62
Togo,TGO,2000,5.165,5.05
Togo,TGO,2005,5.038,5.44
Togo,TGO,2010,5.087,6.09
Togo,TGO,2015,4.662,6.85
Togo,TGO,2020,4.386,7.68
Tonga,TON,2015,3.54,11.22
Tonga,TON,2020,3.234,11.42
Trinidad and Tobago,TTO,1950,5.182,5.16
Trinidad and Tobago,TTO,1955,5.349,5.37
Trinidad and Tobago,TTO,1960,5.405,5.73
Trinidad and Tobago,TTO,1965,4.88,6.05
Trinidad and Tobago,TTO,1970,3.709,6.51
Trinidad and Tobago,TTO,1975,3.214,7.03
Trinidad and Tobago,TTO,1980,3.145,7.57
Trinidad and Tobago,TTO,1985,2.988,8.13
Trinidad and Tobago,TTO,1990,2.394,8.71
Trinidad and Tobago,TTO,1995,1.967,9.22
Trinidad and Tobago,TTO,2000,1.732,9.72
Trinidad and Tobago,TTO,2005,1.625,10.27
Trinidad and Tobago,TTO,2010,1.614,10.96
Trinidad and Tobago,TTO,2015,1.598,11.0
Trinidad and Tobago,TTO,2020,1.572,11.28
Tunisia,TUN,1950,6.68,0.68
Tunisia,TUN,1955,6.973,0.82
Tunisia,TUN,1960,7.157,0.96
Tunisia,TUN,1965,7.113,1.37
Tunisia,TUN,1970,6.426,1.9
Tunisia,TUN,1975,5.972,2.63
Tunisia,TUN,1980,5.033,3.47
Tunisia,TUN,1985,4.521,3.93
Tunisia,TUN,1990,3.441,4.68
Tunisia,TUN,1995,2.67,5.48
Tunisia,TUN,2000,2.025,6.32
Tunisia,TUN,2005,1.953,7.21
Tunisia,TUN,2010,2.075,8.0
Tunisia,TUN,2015,2.306,8.63
Tunisia,TUN,2020,2.0,9.29
Turkey,TUR,1950,6.468,1.14
Turkey,TUR,1955,6.463,1.42
Turkey,TUR,1960,6.383,1.84
Turkey,TUR,1965,6.22,2.2
Turkey,TUR,1970,5.775,2.58
Turkey,TUR,1975,5.087,3.09
Turkey,TUR,1980,4.453,3.77
Turkey,TUR,1985,3.779,4.82
Turkey,TUR,1990,3.107,5.22
Turkey,TUR,1995,2.835,5.88
Turkey,TUR,2000,2.487,6.37
Turkey,TUR,2005,2.197,6.86
Turkey,TUR,2010,2.08,7.44
Turkey,TUR,2015,2.157,8.13
Turkey,TUR,2020,1.768,8.49
Uganda,UGA,1950,6.657,0.92
Uganda,UGA,1955,6.743,1.06
Uganda,UGA,1960,6.905,1.18
Uganda,UGA,1965,7.042,1.29
Uganda,UGA,1970,7.149,1.58
Uganda,UGA,1975,7.201,2.0
Uganda,UGA,1980,7.113,2.4
Uganda,UGA,1985,7.037,3.02
Uganda,UGA,1990,7.014,3.71
Uganda,UGA,1995,6.871,4.17
Uganda,UGA,2000,6.788,4.56
Uganda,UGA,2005,6.525,5.11
Uganda,UGA,2010,6.019,5.87
Uganda,UGA,2015,5.251,6.27
Uganda,UGA,2020,4.621,6.69
Ukraine,UKR,2015,1.387,10.81
Ukraine,UKR,2020,1.208,10.82
United Arab Emirates,ARE,2015,1.417,9.35
United Arab Emirates,ARE,2020,1.289,9.57
United Kingdom,GBR,1950,2.224,6.49
United Kingdom,GBR,1955,2.279,6.73
United Kingdom,GBR,1960,2.704,7.01
United Kingdom,GBR,1965,2.867,7.65
United Kingdom,GBR,1970,2.421,8.06
United Kingdom,GBR,1975,1.807,8.39
United Kingdom,GBR,1980,1.888,8.52
United Kingdom,GBR,1985,1.788,8.76
United Kingdom,GBR,1990,1.829,9.28
United Kingdom,GBR,1995,1.709,9.67
United Kingdom,GBR,2000,1.641,9.97
United Kingdom,GBR,2005,1.761,11.57
United Kingdom,GBR,2010,1.918,12.46
United Kingdom,GBR,2015,1.801,12.67
United Kingdom,GBR,2020,1.571,12.9
United States,USA,1935,2.038,8.34
United States,USA,1940,2.113,8.68
United States,USA,1945,2.38,8.93
United States,USA,1950,3.086,8.74
United States,USA,1955,3.515,9.14
United States,USA,1960,3.732,9.63
United States,USA,1965,2.983,10.42
United States,USA,1970,2.515,11.1
United States,USA,1975,1.815,11.73
United States,USA,1980,1.861,12.28
United States,USA,1985,1.854,12.35
United States,USA,1990,2.072,12.55
United States,USA,1995,1.965,12.83
United States,USA,2000,2.03,13.1
United States,USA,2005,2.04,13.01
United States,USA,2010,1.916,13.24
United States,USA,2015,1.832,13.29
United States,USA,2020,1.616,13.32
Uruguay,URY,1950,2.692,4.47
Uruguay,URY,1955,2.757,4.77
Uruguay,URY,1960,2.827,5.06
Uruguay,URY,1965,2.84,5.43
Uruguay,URY,1970,2.772,5.94
Uruguay,URY,1975,3.017,6.45
Uruguay,URY,1980,2.59,6.94
Uruguay,URY,1985,2.47,7.4
Uruguay,URY,1990,2.477,7.71
Uruguay,URY,1995,2.401,8.08
Uruguay,URY,2000,2.196,8.36
Uruguay,URY,2005,2.097,8.5
Uruguay,URY,2010,2.011,8.61
Uruguay,URY,2015,2.041,8.65
Uruguay,URY,2020,1.497,8.76
Venezuela,VEN,1950,6.635,1.65
Venezuela,VEN,1955,6.599,2.01
Venezuela,VEN,1960,6.382,2.44
Venezuela,VEN,1965,5.977,2.75
Venezuela,VEN,1970,5.321,3.49
Venezuela,VEN,1975,4.686,4.51
Venezuela,VEN,1980,4.2,5.47
Venezuela,VEN,1985,3.794,5.33
Venezuela,VEN,1990,3.448,5.26
Venezuela,VEN,1995,3.082,6.11
Venezuela,VEN,2000,2.79,7.01
Venezuela,VEN,2005,2.629,7.8
Venezuela,VEN,2010,2.396,8.78
Venezuela,VEN,2015,2.253,9.02
Venezuela,VEN,2020,2.116,9.33
Vietnam,VNM,2015,2.1,7.99
Vietnam,VNM,2020,1.957,8.35
World,OWID_WRL,1950,4.852,3.0336335
World,OWID_WRL,1955,5.003,3.250855
World,OWID_WRL,1960,4.696,3.5115314
World,OWID_WRL,1965,5.071,3.8569107
World,OWID_WRL,1970,4.825,4.3155894
World,OWID_WRL,1975,4.08,4.7661443
World,OWID_WRL,1980,3.744,5.310849
World,OWID_WRL,1985,3.515,5.7433367
World,OWID_WRL,1990,3.31,6.174556
World,OWID_WRL,1995,2.889,6.7308083
World,OWID_WRL,2000,2.754,7.2817993
World,OWID_WRL,2005,2.63,7.7389355
World,OWID_WRL,2010,2.602,8.149967
World,OWID_WRL,2015,2.537,8.478128
World,OWID_WRL,2020,2.322,8.840671
Yemen,YEM,1950,7.971,0.03
Yemen,YEM,1955,7.97,0.03
Yemen,YEM,1960,7.988,0.04
Yemen,YEM,1965,8.101,0.06
Yemen,YEM,1970,8.234,0.07
Yemen,YEM,1975,8.373,0.08
Yemen,YEM,1980,8.71,0.25
Yemen,YEM,1985,8.864,0.64
Yemen,YEM,1990,8.606,1.25
Yemen,YEM,1995,7.525,1.77
Yemen,YEM,2000,6.317,2.45
Yemen,YEM,2005,5.563,3.12
Yemen,YEM,2010,4.81,3.84
Yemen,YEM,2015,4.617,4.64
Yemen,YEM,2020,4.6,5.56
Zambia,ZMB,1950,6.779,1.84
Zambia,ZMB,1955,6.803,2.03
Zambia,ZMB,1960,6.947,2.36
Zambia,ZMB,1965,7.116,2.68
Zambia,ZMB,1970,7.224,3.12
Zambia,ZMB,1975,7.421,3.81
Zambia,ZMB,1980,7.139,4.36
Zambia,ZMB,1985,6.928,4.77
Zambia,ZMB,1990,6.567,5.02
Zambia,ZMB,1995,6.232,6.03
Zambia,ZMB,2000,5.921,6.35
Zambia,ZMB,2005,5.697,6.59
Zambia,ZMB,2010,5.359,7.4
Zambia,ZMB,2015,4.775,7.9
Zambia,ZMB,2020,4.323,8.37
Zimbabwe,ZWE,1950,7.041,1.66
Zimbabwe,ZWE,1955,7.099,1.99
Zimbabwe,ZWE,1960,7.195,2.38
Zimbabwe,ZWE,1965,7.231,2.68
Zimbabwe,ZWE,1970,6.982,3.22
Zimbabwe,ZWE,1975,6.832,3.54
Zimbabwe,ZWE,1980,6.517,4.03
Zimbabwe,ZWE,1985,5.871,4.84
Zimbabwe,ZWE,1990,4.876,5.97
Zimbabwe,ZWE,1995,4.153,6.85
Zimbabwe,ZWE,2000,4.009,7.26
Zimbabwe,ZWE,2005,3.693,7.65
Zimbabwe,ZWE,2010,4.04,7.86
Zimbabwe,ZWE,2015,3.911,8.03
Zimbabwe,ZWE,2020,3.754,8.32
